1,“Œ‹“s“Œv”NŠÓi•½¬30”NjTOKYO STATISTICAL YEARBOOK ( 2018 ) ‚S@‰^—A 4@TRANSPORT ,,,,,,,,,,,,,,,,,,,
2,,,,,,,,,,4-15  ’n‰º“S‚Ì‰w•Êæ~Ôlˆõ (•½¬26`30”N“xj 4-15 PASSENGERS OF SUBWAYS BY STATION ( Fiscal Years 2014-2018 ),,,,,,,,,,
3,,,,,,,,,,“¯ˆê‰ïĞ“à‚Ìæ‚èŒp‚¬‚Íœ‚­i’A‚µC“s‰c’n‰º“S“à‚Ìæ‚èŒp‚¬‚ÍŠÜ‚ŞjB ˆó‚Í“¯ˆê‰ïĞ“à‚ÌæŠ·‚¦‰w‚ğ¦‚·B@¦ˆó‚Í‹æ•”‚É‚ ‚é‰w (ü) ‚ğ¦‚·B,,,,,,,,,,
4,,,,,,,,,,Figures exclude transit within the same company (but include transit on Toei subways). Stations marked with  indicate transfer stations for lines within the same company. ¦ refers to stations (lines) located in the ku area.,,,,,,,,,,
5,,,,,,,,,,"‘—¿F“Œ‹’n‰º“SŠ”®‰ïĞ“S“¹–{•”‰c‹Æ•”R¸‰ÛC“sŒğ’Ê‹Ç‘–±•”Šé‰æ’²®‰Û Source: Tokyo Metro Co., Ltd.; Bureau of Transportation, TMG",,,,,,,,,,
6,,,,,,,,,,i’PˆÊ@çl) (In thousands of persons),,,,,,,,,,
7,”N“xi•½¬j,Fiscal Year,‰ïĞ–¼,Company name,Œn“,Line,‰w,Station,ƒ}[ƒN Mark,æÔlˆõ Passengers getting on trains^‘” Total,æÔlˆõ Passengers getting on trains^’èŠú Commuter Pass,æÔlˆõ Passengers getting on trains^•’Ê Tickets,~Ôlˆõ Passengers getting off trains^‘” Total,~Ôlˆõ Passengers getting off trains^’èŠú Commuter Pass,~Ôlˆõ Passengers getting off trains^•’Ê Tickets,,,,,
8,26,2014,‘”,Total,,,,,,3394159,1938795,1455364,3394114,1938795,1455319,,,,,
9,27,2015,‘”,Total,,,,,,3522765,2006648,1516117,3522758,2006648,1516110,,,,,
10,28,2016,‘”,Total,,,,,,3602048,2058723,1543325,3602021,2058723,1543298,,,,,
11,29,2017,‘”,Total,,,,,,3699591,2122891,1576700,3699357,2122891,1576466,,,,,
12,30,2018,‘”,Total,,,,,,3782755,2172875,1609878,3782572,2172875,1609696,,,,,
13,30,2018,“Œ‹’n‰º“SŠ”®‰ïĞ,"Tokyo Metro Co., Ltd.",,,,,,2627008,1490840,1136168,2626632,1490840,1135792,,,,,
14,30,2018,“Œ‹’n‰º“SŠ”®‰ïĞ,"Tokyo Metro Co., Ltd.",‹âÀü,Ginza Line,,,¦,298193,134468,163725,300672,134468,166204,,,,,
15,30,2018,“Œ‹’n‰º“SŠ”®‰ïĞ,"Tokyo Metro Co., Ltd.",‹âÀü,Ginza Line,a’J,Shibuya,,40561,19397,21164,41526,19397,22129,,,,,
16,30,2018,“Œ‹’n‰º“SŠ”®‰ïĞ,"Tokyo Metro Co., Ltd.",‹âÀü,Ginza Line,•\Q“¹,Omote-Sando,,11556,3664,7892,12545,3664,8881,,,,,
17,30,2018,“Œ‹’n‰º“SŠ”®‰ïĞ,"Tokyo Metro Co., Ltd.",‹âÀü,Ginza Line,ŠO‰‘‘O,Gaiemmae,,14592,6799,7793,15666,6799,8867,,,,,
18,30,2018,“Œ‹’n‰º“SŠ”®‰ïĞ,"Tokyo Metro Co., Ltd.",‹âÀü,Ginza Line,ÂRˆê’š–Ú,Aoyama-Itchome,,10218,4679,5539,10602,4679,5923,,,,,
19,30,2018,“Œ‹’n‰º“SŠ”®‰ïĞ,"Tokyo Metro Co., Ltd.",‹âÀü,Ginza Line,ÔâŒ©•,Akasaka-Mitsuke,,11718,5484,6234,11305,5484,5821,,,,,
20,30,2018,“Œ‹’n‰º“SŠ”®‰ïĞ,"Tokyo Metro Co., Ltd.",‹âÀü,Ginza Line,—­’rR‰¤,Tameike-Sanno,,13237,7285,5952,12746,7285,5461,,,,,
21,30,2018,“Œ‹’n‰º“SŠ”®‰ïĞ,"Tokyo Metro Co., Ltd.",‹âÀü,Ginza Line,ŒÕƒm–å,Toranomon,,21301,12649,8652,21024,12649,8375,,,,,
22,30,2018,“Œ‹’n‰º“SŠ”®‰ïĞ,"Tokyo Metro Co., Ltd.",‹âÀü,Ginza Line,V‹´,Shimbashi,,46642,24072,22570,45950,24072,21878,,,,,
23,30,2018,“Œ‹’n‰º“SŠ”®‰ïĞ,"Tokyo Metro Co., Ltd.",‹âÀü,Ginza Line,‹âÀ,Ginza,,18458,6134,12324,19143,6134,13009,,,,,
24,30,2018,“Œ‹’n‰º“SŠ”®‰ïĞ,"Tokyo Metro Co., Ltd.",‹âÀü,Ginza Line,‹‹´,Kyobashi,,11381,5792,5589,11588,5792,5796,,,,,
25,30,2018,“Œ‹’n‰º“SŠ”®‰ïĞ,"Tokyo Metro Co., Ltd.",‹âÀü,Ginza Line,“ú–{‹´,Nihombashi,,12961,4890,8071,12088,4890,7198,,,,,
26,30,2018,“Œ‹’n‰º“SŠ”®‰ïĞ,"Tokyo Metro Co., Ltd.",‹âÀü,Ginza Line,O‰z‘O,Mitsukoshimae,,13464,5580,7884,12778,5580,7198,,,,,
27,30,2018,“Œ‹’n‰º“SŠ”®‰ïĞ,"Tokyo Metro Co., Ltd.",‹âÀü,Ginza Line,_“c,Kanda,,11384,4535,6849,11256,4535,6721,,,,,
28,30,2018,“Œ‹’n‰º“SŠ”®‰ïĞ,"Tokyo Metro Co., Ltd.",‹âÀü,Ginza Line,––L’¬,Suehirocho,,4628,1643,2985,4726,1643,3083,,,,,
29,30,2018,“Œ‹’n‰º“SŠ”®‰ïĞ,"Tokyo Metro Co., Ltd.",‹âÀü,Ginza Line,ã–ìL¬˜H,Ueno-Hirokoji,,4528,1161,3367,4842,1161,3681,,,,,
30,30,2018,“Œ‹’n‰º“SŠ”®‰ïĞ,"Tokyo Metro Co., Ltd.",‹âÀü,Ginza Line,ã–ì,Ueno,,22153,9576,12577,23259,9576,13683,,,,,
31,30,2018,“Œ‹’n‰º“SŠ”®‰ïĞ,"Tokyo Metro Co., Ltd.",‹âÀü,Ginza Line,ˆî‰×’¬,Inaricho,,3245,1617,1628,3276,1617,1659,,,,,
32,30,2018,“Œ‹’n‰º“SŠ”®‰ïĞ,"Tokyo Metro Co., Ltd.",‹âÀü,Ginza Line,“cŒ´’¬,Tawaramachi,,6262,2320,3942,6390,2320,4070,,,,,
33,30,2018,“Œ‹’n‰º“SŠ”®‰ïĞ,"Tokyo Metro Co., Ltd.",‹âÀü,Ginza Line,ó‘,Asakusa,,19904,7191,12713,19962,7191,12771,,,,,
34,30,2018,“Œ‹’n‰º“SŠ”®‰ïĞ,"Tokyo Metro Co., Ltd.",ŠÛƒm“àü,Marunouchi Line,,,¦,383213,207383,175830,384433,207383,177050,,,,,
35,30,2018,“Œ‹’n‰º“SŠ”®‰ïĞ,"Tokyo Metro Co., Ltd.",ŠÛƒm“àü,Marunouchi Line,’r‘Ü,Ikebukuro,,50271,29392,20879,50144,29392,20752,,,,,
36,30,2018,“Œ‹’n‰º“SŠ”®‰ïĞ,"Tokyo Metro Co., Ltd.",ŠÛƒm“àü,Marunouchi Line,V‘å’Ë,Shin-Otsuka,,4762,2349,2413,4765,2349,2416,,,,,
37,30,2018,“Œ‹’n‰º“SŠ”®‰ïĞ,"Tokyo Metro Co., Ltd.",ŠÛƒm“àü,Marunouchi Line,äª‰×’J,Myogadani,,14401,9178,5223,14554,9178,5376,,,,,
38,30,2018,“Œ‹’n‰º“SŠ”®‰ïĞ,"Tokyo Metro Co., Ltd.",ŠÛƒm“àü,Marunouchi Line,ŒãŠy‰€,Korakuen,,12147,4980,7167,11925,4980,6945,,,,,
39,30,2018,“Œ‹’n‰º“SŠ”®‰ïĞ,"Tokyo Metro Co., Ltd.",ŠÛƒm“àü,Marunouchi Line,–{‹½O’š–Ú,Hongo-Sanchome,,10424,5858,4566,10487,5858,4629,,,,,
40,30,2018,“Œ‹’n‰º“SŠ”®‰ïĞ,"Tokyo Metro Co., Ltd.",ŠÛƒm“àü,Marunouchi Line,Œä’ƒƒm…,Ochanomizu,,10899,5794,5105,11021,5794,5227,,,,,
41,30,2018,“Œ‹’n‰º“SŠ”®‰ïĞ,"Tokyo Metro Co., Ltd.",ŠÛƒm“àü,Marunouchi Line,’W˜H’¬,Awajicho,,11212,6069,5143,10865,6069,4796,,,,,
42,30,2018,“Œ‹’n‰º“SŠ”®‰ïĞ,"Tokyo Metro Co., Ltd.",ŠÛƒm“àü,Marunouchi Line,‘åè’¬,Otemachi,,11134,5589,5545,10327,5589,4738,,,,,
43,30,2018,“Œ‹’n‰º“SŠ”®‰ïĞ,"Tokyo Metro Co., Ltd.",ŠÛƒm“àü,Marunouchi Line,“Œ‹,Tokyo,,38859,19355,19504,40812,19355,21457,,,,,
44,30,2018,“Œ‹’n‰º“SŠ”®‰ïĞ,"Tokyo Metro Co., Ltd.",ŠÛƒm“àü,Marunouchi Line,‹âÀ,Ginza,,16292,6865,9427,16191,6865,9326,,,,,
45,30,2018,“Œ‹’n‰º“SŠ”®‰ïĞ,"Tokyo Metro Co., Ltd.",ŠÛƒm“àü,Marunouchi Line,‰àƒPŠÖ,Kasumigaseki,,11968,8118,3850,11714,8118,3596,,,,,
46,30,2018,“Œ‹’n‰º“SŠ”®‰ïĞ,"Tokyo Metro Co., Ltd.",ŠÛƒm“àü,Marunouchi Line,‘‰ï‹c–“°‘O,Kokkai-Gijidomae,,3942,1949,1993,3852,1949,1903,,,,,
47,30,2018,“Œ‹’n‰º“SŠ”®‰ïĞ,"Tokyo Metro Co., Ltd.",ŠÛƒm“àü,Marunouchi Line,ÔâŒ©•,Akasaka-Mitsuke,,12671,6055,6616,11920,6055,5865,,,,,
48,30,2018,“Œ‹’n‰º“SŠ”®‰ïĞ,"Tokyo Metro Co., Ltd.",ŠÛƒm“àü,Marunouchi Line,lƒc’J,Yotsuya,,14719,8209,6510,13793,8209,5584,,,,,
49,30,2018,“Œ‹’n‰º“SŠ”®‰ïĞ,"Tokyo Metro Co., Ltd.",ŠÛƒm“àü,Marunouchi Line,l’JO’š–Ú,Yotsuya-Sanchome,,8526,3764,4762,8663,3764,4899,,,,,
50,30,2018,“Œ‹’n‰º“SŠ”®‰ïĞ,"Tokyo Metro Co., Ltd.",ŠÛƒm“àü,Marunouchi Line,VhŒä‰‘‘O,Shinjuku-Gyoemmae,,9491,4923,4568,10232,4923,5309,,,,,
51,30,2018,“Œ‹’n‰º“SŠ”®‰ïĞ,"Tokyo Metro Co., Ltd.",ŠÛƒm“àü,Marunouchi Line,VhO’š–Ú,Shinjuku-Sanchome,,11552,3456,8096,11894,3456,8438,,,,,
52,30,2018,“Œ‹’n‰º“SŠ”®‰ïĞ,"Tokyo Metro Co., Ltd.",ŠÛƒm“àü,Marunouchi Line,Vh,Shinjuku,,43173,23580,19593,44352,23580,20772,,,,,
53,30,2018,“Œ‹’n‰º“SŠ”®‰ïĞ,"Tokyo Metro Co., Ltd.",ŠÛƒm“àü,Marunouchi Line,¼Vh,Nishi-Shinjuku ,,15983,9059,6924,16702,9059,7643,,,,,
54,30,2018,“Œ‹’n‰º“SŠ”®‰ïĞ,"Tokyo Metro Co., Ltd.",ŠÛƒm“àü,Marunouchi Line,’†–ìâã,Nakano-Sakaue,,14165,8253,5912,13870,8253,5617,,,,,
55,30,2018,“Œ‹’n‰º“SŠ”®‰ïĞ,"Tokyo Metro Co., Ltd.",ŠÛƒm“àü,Marunouchi Line,V’†–ì,Shin-Nakano,,6563,3773,2790,6621,3773,2848,,,,,
56,30,2018,“Œ‹’n‰º“SŠ”®‰ïĞ,"Tokyo Metro Co., Ltd.",ŠÛƒm“àü,Marunouchi Line,“Œ‚‰~›,Higashi-Koenji,,6699,3946,2753,6591,3946,2645,,,,,
57,30,2018,“Œ‹’n‰º“SŠ”®‰ïĞ,"Tokyo Metro Co., Ltd.",ŠÛƒm“àü,Marunouchi Line,V‚‰~›,Shin-Koenji,,6989,4165,2824,6940,4165,2775,,,,,
58,30,2018,“Œ‹’n‰º“SŠ”®‰ïĞ,"Tokyo Metro Co., Ltd.",ŠÛƒm“àü,Marunouchi Line,“ìˆ¢²ƒP’J,Minami-Asagaya,,5142,2759,2383,5059,2759,2300,,,,,
59,30,2018,“Œ‹’n‰º“SŠ”®‰ïĞ,"Tokyo Metro Co., Ltd.",ŠÛƒm“àü,Marunouchi Line,‰¬ŒE,Ogikubo,,16780,10764,6016,16736,10764,5972,,,,,
60,30,2018,“Œ‹’n‰º“SŠ”®‰ïĞ,"Tokyo Metro Co., Ltd.",ŠÛƒm“àü,Marunouchi Line,’†–ìV‹´,Nakano-Shimbashi,,3797,2260,1537,3803,2260,1543,,,,,
61,30,2018,“Œ‹’n‰º“SŠ”®‰ïĞ,"Tokyo Metro Co., Ltd.",ŠÛƒm“àü,Marunouchi Line,’†–ì•xmŒ©’¬,Nakano-Fujimicho,,3700,2405,1295,3659,2405,1254,,,,,
62,30,2018,“Œ‹’n‰º“SŠ”®‰ïĞ,"Tokyo Metro Co., Ltd.",ŠÛƒm“àü,Marunouchi Line,•û“ì’¬,Honancho,,6952,4516,2436,6941,4516,2425,,,,,
63,30,2018,“Œ‹’n‰º“SŠ”®‰ïĞ,"Tokyo Metro Co., Ltd.",“ú”ä’Jü,Hibiya Line,,,¦,357841,196037,161804,360519,196037,164482,,,,,
64,30,2018,“Œ‹’n‰º“SŠ”®‰ïĞ,"Tokyo Metro Co., Ltd.",“ú”ä’Jü,Hibiya Line,–kçZ,Kita-Senju,,55516,39441,16075,55676,39441,16235,,,,,
65,30,2018,“Œ‹’n‰º“SŠ”®‰ïĞ,"Tokyo Metro Co., Ltd.",“ú”ä’Jü,Hibiya Line,“ìçZ,Minami-Senju,,5641,3051,2590,5819,3051,2768,,,,,
66,30,2018,“Œ‹’n‰º“SŠ”®‰ïĞ,"Tokyo Metro Co., Ltd.",“ú”ä’Jü,Hibiya Line,Oƒm—Ö,Minowa,,7752,4360,3392,7882,4360,3522,,,,,
67,30,2018,“Œ‹’n‰º“SŠ”®‰ïĞ,"Tokyo Metro Co., Ltd.",“ú”ä’Jü,Hibiya Line,“ü’J,Iriya,,6506,3328,3178,6424,3328,3096,,,,,
68,30,2018,“Œ‹’n‰º“SŠ”®‰ïĞ,"Tokyo Metro Co., Ltd.",“ú”ä’Jü,Hibiya Line,ã–ì,Ueno,,16469,8264,8205,16892,8264,8628,,,,,
69,30,2018,“Œ‹’n‰º“SŠ”®‰ïĞ,"Tokyo Metro Co., Ltd.",“ú”ä’Jü,Hibiya Line,’‡Œä“k’¬,Naka-Okachimachi,,7820,3925,3895,7912,3925,3987,,,,,
70,30,2018,“Œ‹’n‰º“SŠ”®‰ïĞ,"Tokyo Metro Co., Ltd.",“ú”ä’Jü,Hibiya Line,H—tŒ´,Akihabara,,23056,12757,10299,23562,12757,10805,,,,,
71,30,2018,“Œ‹’n‰º“SŠ”®‰ïĞ,"Tokyo Metro Co., Ltd.",“ú”ä’Jü,Hibiya Line,¬“`”n’¬,Kodemmacho,,7584,4393,3191,7492,4393,3099,,,,,
72,30,2018,“Œ‹’n‰º“SŠ”®‰ïĞ,"Tokyo Metro Co., Ltd.",“ú”ä’Jü,Hibiya Line,lŒ`’¬,Ningyocho,,15537,8697,6840,15443,8697,6746,,,,,
73,30,2018,“Œ‹’n‰º“SŠ”®‰ïĞ,"Tokyo Metro Co., Ltd.",“ú”ä’Jü,Hibiya Line,Šê’¬,Kayabacho,,9616,5405,4211,9201,5405,3796,,,,,
74,30,2018,“Œ‹’n‰º“SŠ”®‰ïĞ,"Tokyo Metro Co., Ltd.",“ú”ä’Jü,Hibiya Line,”ª’š–x,Hatchobori,,21488,12160,9328,21209,12160,9049,,,,,
75,30,2018,“Œ‹’n‰º“SŠ”®‰ïĞ,"Tokyo Metro Co., Ltd.",“ú”ä’Jü,Hibiya Line,’z’n,Tsukiji,,14085,7570,6515,14521,7570,6951,,,,,
76,30,2018,“Œ‹’n‰º“SŠ”®‰ïĞ,"Tokyo Metro Co., Ltd.",“ú”ä’Jü,Hibiya Line,“Œ‹âÀ,Higashi-Ginza,,16650,9115,7535,16873,9115,7758,,,,,
77,30,2018,“Œ‹’n‰º“SŠ”®‰ïĞ,"Tokyo Metro Co., Ltd.",“ú”ä’Jü,Hibiya Line,‹âÀ,Ginza,,13436,5499,7937,13324,5499,7825,,,,,
78,30,2018,“Œ‹’n‰º“SŠ”®‰ïĞ,"Tokyo Metro Co., Ltd.",“ú”ä’Jü,Hibiya Line,“ú”ä’J,Hibiya,,12138,5095,7043,11724,5095,6629,,,,,
79,30,2018,“Œ‹’n‰º“SŠ”®‰ïĞ,"Tokyo Metro Co., Ltd.",“ú”ä’Jü,Hibiya Line,‰àƒPŠÖ,Kasumigaseki,,6008,3530,2478,5826,3530,2296,,,,,
80,30,2018,“Œ‹’n‰º“SŠ”®‰ïĞ,"Tokyo Metro Co., Ltd.",“ú”ä’Jü,Hibiya Line,_’J’¬,Kamiyacho,,18687,11293,7394,18740,11293,7447,,,,,
81,30,2018,“Œ‹’n‰º“SŠ”®‰ïĞ,"Tokyo Metro Co., Ltd.",“ú”ä’Jü,Hibiya Line,˜Z–{–Ø,Roppongi,,25108,10245,14863,25609,10245,15364,,,,,
82,30,2018,“Œ‹’n‰º“SŠ”®‰ïĞ,"Tokyo Metro Co., Ltd.",“ú”ä’Jü,Hibiya Line,L”ö,Hiro-O,,11573,5796,5777,11485,5796,5689,,,,,
83,30,2018,“Œ‹’n‰º“SŠ”®‰ïĞ,"Tokyo Metro Co., Ltd.",“ú”ä’Jü,Hibiya Line,Œb”äõ,Ebisu,,21545,9540,12005,22232,9540,12692,,,,,
84,30,2018,“Œ‹’n‰º“SŠ”®‰ïĞ,"Tokyo Metro Co., Ltd.",“ú”ä’Jü,Hibiya Line,’†–Ú•,Naka-Meguro,,41626,22573,19053,42673,22573,20100,,,,,
85,30,2018,“Œ‹’n‰º“SŠ”®‰ïĞ,"Tokyo Metro Co., Ltd.",“Œ¼ü,Tozai Line,,,¦,314524,190895,123629,313778,190895,122883,,,,,
86,30,2018,“Œ‹’n‰º“SŠ”®‰ïĞ,"Tokyo Metro Co., Ltd.",“Œ¼ü,Tozai Line,’†–ì,Nakano,,30310,19092,11218,29517,19092,10425,,,,,
87,30,2018,“Œ‹’n‰º“SŠ”®‰ïĞ,"Tokyo Metro Co., Ltd.",“Œ¼ü,Tozai Line,—‡,Ochiai,,5034,2845,2189,4924,2845,2079,,,,,
88,30,2018,“Œ‹’n‰º“SŠ”®‰ïĞ,"Tokyo Metro Co., Ltd.",“Œ¼ü,Tozai Line,‚“c”nê,Takadanobaba,,37983,23690,14293,36787,23690,13097,,,,,
89,30,2018,“Œ‹’n‰º“SŠ”®‰ïĞ,"Tokyo Metro Co., Ltd.",“Œ¼ü,Tozai Line,‘ˆî“c,Waseda,,15131,9307,5824,15048,9307,5741,,,,,
90,30,2018,“Œ‹’n‰º“SŠ”®‰ïĞ,"Tokyo Metro Co., Ltd.",“Œ¼ü,Tozai Line,_Šyâ,Kagurazaka,,7490,4035,3455,7837,4035,3802,,,,,
91,30,2018,“Œ‹’n‰º“SŠ”®‰ïĞ,"Tokyo Metro Co., Ltd.",“Œ¼ü,Tozai Line,”Ñ“c‹´,Iidabashi,,13818,7279,6539,13764,7279,6485,,,,,
92,30,2018,“Œ‹’n‰º“SŠ”®‰ïĞ,"Tokyo Metro Co., Ltd.",“Œ¼ü,Tozai Line,‹ã’i‰º,Kudanshita,,18600,10195,8405,18972,10195,8777,,,,,
93,30,2018,“Œ‹’n‰º“SŠ”®‰ïĞ,"Tokyo Metro Co., Ltd.",“Œ¼ü,Tozai Line,’|‹´,Takebashi,,8893,5518,3375,8997,5518,3479,,,,,
94,30,2018,“Œ‹’n‰º“SŠ”®‰ïĞ,"Tokyo Metro Co., Ltd.",“Œ¼ü,Tozai Line,‘åè’¬,Otemachi,,30599,18388,12211,30363,18388,11975,,,,,
95,30,2018,“Œ‹’n‰º“SŠ”®‰ïĞ,"Tokyo Metro Co., Ltd.",“Œ¼ü,Tozai Line,“ú–{‹´,Nihombashi,,23350,13354,9996,23254,13354,9900,,,,,
96,30,2018,“Œ‹’n‰º“SŠ”®‰ïĞ,"Tokyo Metro Co., Ltd.",“Œ¼ü,Tozai Line,Šê’¬,Kayabacho,,14803,8859,5944,14512,8859,5653,,,,,
97,30,2018,“Œ‹’n‰º“SŠ”®‰ïĞ,"Tokyo Metro Co., Ltd.",“Œ¼ü,Tozai Line,–å‘O’‡’¬,Monzen-Nakacho,,21597,12400,9197,21840,12400,9440,,,,,
98,30,2018,“Œ‹’n‰º“SŠ”®‰ïĞ,"Tokyo Metro Co., Ltd.",“Œ¼ü,Tozai Line,–Øê,Kiba,,14133,9112,5021,14380,9112,5268,,,,,
99,30,2018,“Œ‹’n‰º“SŠ”®‰ïĞ,"Tokyo Metro Co., Ltd.",“Œ¼ü,Tozai Line,“Œ—z’¬,Toyocho,,22722,15370,7352,22826,15370,7456,,,,,
100,30,2018,“Œ‹’n‰º“SŠ”®‰ïĞ,"Tokyo Metro Co., Ltd.",“Œ¼ü,Tozai Line,“ì»’¬,Minami-Sunamachi,,11143,6982,4161,11340,6982,4358,,,,,
101,30,2018,“Œ‹’n‰º“SŠ”®‰ïĞ,"Tokyo Metro Co., Ltd.",“Œ¼ü,Tozai Line,¼Š‹¼,Nishi-Kasai,,19229,11928,7301,19604,11928,7676,,,,,
102,30,2018,“Œ‹’n‰º“SŠ”®‰ïĞ,"Tokyo Metro Co., Ltd.",“Œ¼ü,Tozai Line,Š‹¼,Kasai,,19689,12541,7148,19813,12541,7272,,,,,
103,30,2018,“Œ‹’n‰º“SŠ”®‰ïĞ,"Tokyo Metro Co., Ltd.",ç‘ã“cü,Chiyoda Line,,,¦,376470,237615,138855,374347,237615,136732,,,,,
104,30,2018,“Œ‹’n‰º“SŠ”®‰ïĞ,"Tokyo Metro Co., Ltd.",ç‘ã“cü,Chiyoda Line,–kˆ»£,Kita-Ayase,,6161,4630,1531,6024,4630,1394,,,,,
105,30,2018,“Œ‹’n‰º“SŠ”®‰ïĞ,"Tokyo Metro Co., Ltd.",ç‘ã“cü,Chiyoda Line,ˆ»£,Ayase,,82787,63913,18874,83191,63913,19278,,,,,
106,30,2018,“Œ‹’n‰º“SŠ”®‰ïĞ,"Tokyo Metro Co., Ltd.",ç‘ã“cü,Chiyoda Line,–kçZ,Kita-Senju,,54338,36918,17420,52491,36918,15573,,,,,
107,30,2018,“Œ‹’n‰º“SŠ”®‰ïĞ,"Tokyo Metro Co., Ltd.",ç‘ã“cü,Chiyoda Line,’¬‰®,Machiya,,11628,6839,4789,11224,6839,4385,,,,,
108,30,2018,“Œ‹’n‰º“SŠ”®‰ïĞ,"Tokyo Metro Co., Ltd.",ç‘ã“cü,Chiyoda Line,¼“ú•é—¢,Nishi-Nippori,,30439,18966,11473,31752,18966,12786,,,,,
109,30,2018,“Œ‹’n‰º“SŠ”®‰ïĞ,"Tokyo Metro Co., Ltd.",ç‘ã“cü,Chiyoda Line,ç‘Ê–Ø,Sendagi,,5470,2928,2542,5321,2928,2393,,,,,
110,30,2018,“Œ‹’n‰º“SŠ”®‰ïĞ,"Tokyo Metro Co., Ltd.",ç‘ã“cü,Chiyoda Line,ª’Ã,Nezu,,5363,2795,2568,5294,2795,2499,,,,,
111,30,2018,“Œ‹’n‰º“SŠ”®‰ïĞ,"Tokyo Metro Co., Ltd.",ç‘ã“cü,Chiyoda Line,“’“‡,Yushima,,6601,3454,3147,6826,3454,3372,,,,,
112,30,2018,“Œ‹’n‰º“SŠ”®‰ïĞ,"Tokyo Metro Co., Ltd.",ç‘ã“cü,Chiyoda Line,VŒä’ƒƒm…,Shin-Ochanomizu,,17853,10704,7149,18051,10704,7347,,,,,
113,30,2018,“Œ‹’n‰º“SŠ”®‰ïĞ,"Tokyo Metro Co., Ltd.",ç‘ã“cü,Chiyoda Line,‘åè’¬,Otemachi,,14899,9436,5463,14646,9436,5210,,,,,
114,30,2018,“Œ‹’n‰º“SŠ”®‰ïĞ,"Tokyo Metro Co., Ltd.",ç‘ã“cü,Chiyoda Line,“ñd‹´‘OiŠÛ‚Ì“àj,Nijubashimae(Marunouchi),,6594,3923,2671,6945,3923,3022,,,,,
115,30,2018,“Œ‹’n‰º“SŠ”®‰ïĞ,"Tokyo Metro Co., Ltd.",ç‘ã“cü,Chiyoda Line,“ú”ä’J,Hibiya,,10113,4538,5575,10147,4538,5609,,,,,
116,30,2018,“Œ‹’n‰º“SŠ”®‰ïĞ,"Tokyo Metro Co., Ltd.",ç‘ã“cü,Chiyoda Line,‰àƒPŠÖ,Kasumigaseki,,10116,7577,2539,10146,7577,2569,,,,,
117,30,2018,“Œ‹’n‰º“SŠ”®‰ïĞ,"Tokyo Metro Co., Ltd.",ç‘ã“cü,Chiyoda Line,‘‰ï‹c–“°‘O,Kokkai-Gijidomae,,4142,2472,1670,4139,2472,1667,,,,,
118,30,2018,“Œ‹’n‰º“SŠ”®‰ïĞ,"Tokyo Metro Co., Ltd.",ç‘ã“cü,Chiyoda Line,Ôâ,Akasaka,,17699,9593,8106,17987,9593,8394,,,,,
119,30,2018,“Œ‹’n‰º“SŠ”®‰ïĞ,"Tokyo Metro Co., Ltd.",ç‘ã“cü,Chiyoda Line,”T–Øâ,Nogizaka,,7757,3182,4575,8097,3182,4915,,,,,
120,30,2018,“Œ‹’n‰º“SŠ”®‰ïĞ,"Tokyo Metro Co., Ltd.",ç‘ã“cü,Chiyoda Line,•\Q“¹,Omote-Sando,,11017,4694,6323,11508,4694,6814,,,,,
121,30,2018,“Œ‹’n‰º“SŠ”®‰ïĞ,"Tokyo Metro Co., Ltd.",ç‘ã“cü,Chiyoda Line,–¾¡_‹{‘OiŒ´hj,Meiji-Jingumae(Harajuku),,13388,4373,9015,13286,4373,8913,,,,,
122,30,2018,“Œ‹’n‰º“SŠ”®‰ïĞ,"Tokyo Metro Co., Ltd.",ç‘ã“cü,Chiyoda Line,‘ãX–ØŒö‰€,Yoyogi-Koen,,5250,1966,3284,5264,1966,3298,,,,,
123,30,2018,“Œ‹’n‰º“SŠ”®‰ïĞ,"Tokyo Metro Co., Ltd.",ç‘ã“cü,Chiyoda Line,‘ãX–ØãŒ´,Yoyogi-Uehara,,54855,34714,20141,52008,34714,17294,,,,,
124,30,2018,“Œ‹’n‰º“SŠ”®‰ïĞ,"Tokyo Metro Co., Ltd.",—LŠy’¬ü,Yurakucho Line,,,¦,301726,180219,121507,301208,180219,120989,,,,,
125,30,2018,“Œ‹’n‰º“SŠ”®‰ïĞ,"Tokyo Metro Co., Ltd.",—LŠy’¬ü,Yurakucho Line,’n‰º“S¬‘,Chikatetsu-Narimasu,,9680,6616,3064,9813,6616,3197,,,,,
126,30,2018,“Œ‹’n‰º“SŠ”®‰ïĞ,"Tokyo Metro Co., Ltd.",—LŠy’¬ü,Yurakucho Line,’n‰º“SÔ’Ë,Chikatetsu-Akatsuka,,7287,4852,2435,7180,4852,2328,,,,,
127,30,2018,“Œ‹’n‰º“SŠ”®‰ïĞ,"Tokyo Metro Co., Ltd.",—LŠy’¬ü,Yurakucho Line,•½˜a‘ä,Heiwadai,,8128,5686,2442,8143,5686,2457,,,,,
128,30,2018,“Œ‹’n‰º“SŠ”®‰ïĞ,"Tokyo Metro Co., Ltd.",—LŠy’¬ü,Yurakucho Line,•Xì‘ä,Hikawadai,,7477,5068,2409,7417,5068,2349,,,,,
129,30,2018,“Œ‹’n‰º“SŠ”®‰ïĞ,"Tokyo Metro Co., Ltd.",—LŠy’¬ü,Yurakucho Line,¬’|ŒüŒ´,Kotake-Mukaihara,,19131,12694,6437,18238,12694,5544,,,,,
130,30,2018,“Œ‹’n‰º“SŠ”®‰ïĞ,"Tokyo Metro Co., Ltd.",—LŠy’¬ü,Yurakucho Line,çì,Senkawa,,4108,2294,1814,3786,2294,1492,,,,,
131,30,2018,“Œ‹’n‰º“SŠ”®‰ïĞ,"Tokyo Metro Co., Ltd.",—LŠy’¬ü,Yurakucho Line,—v’¬,Kanamecho,,4377,2123,2254,3843,2123,1720,,,,,
132,30,2018,“Œ‹’n‰º“SŠ”®‰ïĞ,"Tokyo Metro Co., Ltd.",—LŠy’¬ü,Yurakucho Line,’r‘Ü,Ikebukuro,,32240,17816,14424,33839,17816,16023,,,,,
133,30,2018,“Œ‹’n‰º“SŠ”®‰ïĞ,"Tokyo Metro Co., Ltd.",—LŠy’¬ü,Yurakucho Line,“Œ’r‘Ü,Higashi-Ikebukuro,,7987,3863,4124,8241,3863,4378,,,,,
134,30,2018,“Œ‹’n‰º“SŠ”®‰ïĞ,"Tokyo Metro Co., Ltd.",—LŠy’¬ü,Yurakucho Line,Œì‘›,Gokokuji,,8231,5377,2854,8081,5377,2704,,,,,
135,30,2018,“Œ‹’n‰º“SŠ”®‰ïĞ,"Tokyo Metro Co., Ltd.",—LŠy’¬ü,Yurakucho Line,]ŒËì‹´,Edogawabashi,,10010,5673,4337,9871,5673,4198,,,,,
136,30,2018,“Œ‹’n‰º“SŠ”®‰ïĞ,"Tokyo Metro Co., Ltd.",—LŠy’¬ü,Yurakucho Line,”Ñ“c‹´,Iidabashi,,14928,8555,6373,14361,8555,5806,,,,,
137,30,2018,“Œ‹’n‰º“SŠ”®‰ïĞ,"Tokyo Metro Co., Ltd.",—LŠy’¬ü,Yurakucho Line,sƒP’J,Ichigaya,,20229,12359,7870,19719,12359,7360,,,,,
138,30,2018,“Œ‹’n‰º“SŠ”®‰ïĞ,"Tokyo Metro Co., Ltd.",—LŠy’¬ü,Yurakucho Line,’¬,Kojimachi,,12038,7361,4677,12210,7361,4849,,,,,
139,30,2018,“Œ‹’n‰º“SŠ”®‰ïĞ,"Tokyo Metro Co., Ltd.",—LŠy’¬ü,Yurakucho Line,‰i“c’¬,Nagatacho,,5358,3040,2318,5352,3040,2312,,,,,
140,30,2018,“Œ‹’n‰º“SŠ”®‰ïĞ,"Tokyo Metro Co., Ltd.",—LŠy’¬ü,Yurakucho Line,÷“c–å,Sakuradamon,,2422,1535,887,2398,1535,863,,,,,
141,30,2018,“Œ‹’n‰º“SŠ”®‰ïĞ,"Tokyo Metro Co., Ltd.",—LŠy’¬ü,Yurakucho Line,—LŠy’¬,Yurakucho,,32053,18371,13682,32686,18371,14315,,,,,
142,30,2018,“Œ‹’n‰º“SŠ”®‰ïĞ,"Tokyo Metro Co., Ltd.",—LŠy’¬ü,Yurakucho Line,‹âÀˆê’š–Ú,Ginza-Itchome,,7002,3028,3974,7325,3028,4297,,,,,
143,30,2018,“Œ‹’n‰º“SŠ”®‰ïĞ,"Tokyo Metro Co., Ltd.",—LŠy’¬ü,Yurakucho Line,V•x’¬,Shintomicho,,7399,3937,3462,7510,3937,3573,,,,,
144,30,2018,“Œ‹’n‰º“SŠ”®‰ïĞ,"Tokyo Metro Co., Ltd.",—LŠy’¬ü,Yurakucho Line,Œ“‡,Tsukishima,,14112,7183,6929,13712,7183,6529,,,,,
145,30,2018,“Œ‹’n‰º“SŠ”®‰ïĞ,"Tokyo Metro Co., Ltd.",—LŠy’¬ü,Yurakucho Line,–LF,Toyosu,,41351,27598,13753,41644,27598,14046,,,,,
146,30,2018,“Œ‹’n‰º“SŠ”®‰ïĞ,"Tokyo Metro Co., Ltd.",—LŠy’¬ü,Yurakucho Line,’C–¤,Tatsumi,,5611,3689,1922,5572,3689,1883,,,,,
147,30,2018,“Œ‹’n‰º“SŠ”®‰ïĞ,"Tokyo Metro Co., Ltd.",—LŠy’¬ü,Yurakucho Line,V–Øê,Shin-Kiba,,20567,11501,9066,20267,11501,8766,,,,,
148,30,2018,“Œ‹’n‰º“SŠ”®‰ïĞ,"Tokyo Metro Co., Ltd.",”¼‘ –åü,Hanzomon Line,,,¦,287353,163581,123772,284816,163581,121235,,,,,
149,30,2018,“Œ‹’n‰º“SŠ”®‰ïĞ,"Tokyo Metro Co., Ltd.",”¼‘ –åü,Hanzomon Line,a’J,Shibuya,,99840,62819,37021,98083,62819,35264,,,,,
150,30,2018,“Œ‹’n‰º“SŠ”®‰ïĞ,"Tokyo Metro Co., Ltd.",”¼‘ –åü,Hanzomon Line,•\Q“¹,Omote-Sando,,10497,3958,6539,11105,3958,7147,,,,,
151,30,2018,“Œ‹’n‰º“SŠ”®‰ïĞ,"Tokyo Metro Co., Ltd.",”¼‘ –åü,Hanzomon Line,ÂRˆê’š–Ú,Aoyama-Itchome,,11287,6046,5241,11110,6046,5064,,,,,
152,30,2018,“Œ‹’n‰º“SŠ”®‰ïĞ,"Tokyo Metro Co., Ltd.",”¼‘ –åü,Hanzomon Line,‰i“c’¬,Nagatacho,,7031,3243,3788,6690,3243,3447,,,,,
153,30,2018,“Œ‹’n‰º“SŠ”®‰ïĞ,"Tokyo Metro Co., Ltd.",”¼‘ –åü,Hanzomon Line,”¼‘ –å,Hanzomon,,16767,9476,7291,16908,9476,7432,,,,,
154,30,2018,“Œ‹’n‰º“SŠ”®‰ïĞ,"Tokyo Metro Co., Ltd.",”¼‘ –åü,Hanzomon Line,‹ã’i‰º,Kudanshita,,14451,6704,7747,14193,6704,7489,,,,,
155,30,2018,“Œ‹’n‰º“SŠ”®‰ïĞ,"Tokyo Metro Co., Ltd.",”¼‘ –åü,Hanzomon Line,_•Û’¬,Jimbocho,,18096,10177,7919,17465,10177,7288,,,,,
156,30,2018,“Œ‹’n‰º“SŠ”®‰ïĞ,"Tokyo Metro Co., Ltd.",”¼‘ –åü,Hanzomon Line,‘åè’¬,Otemachi,,9137,5258,3879,9066,5258,3808,,,,,
157,30,2018,“Œ‹’n‰º“SŠ”®‰ïĞ,"Tokyo Metro Co., Ltd.",”¼‘ –åü,Hanzomon Line,O‰z‘O,Mitsukoshimae,,10979,6051,4928,11027,6051,4976,,,,,
158,30,2018,“Œ‹’n‰º“SŠ”®‰ïĞ,"Tokyo Metro Co., Ltd.",”¼‘ –åü,Hanzomon Line,…“V‹{‘O,Suitengumae,,14729,8395,6334,14665,8395,6270,,,,,
159,30,2018,“Œ‹’n‰º“SŠ”®‰ïĞ,"Tokyo Metro Co., Ltd.",”¼‘ –åü,Hanzomon Line,´Ÿ”’‰Í,Kiyosumi-Shirakawa,,10550,5400,5150,10463,5400,5063,,,,,
160,30,2018,“Œ‹’n‰º“SŠ”®‰ïĞ,"Tokyo Metro Co., Ltd.",”¼‘ –åü,Hanzomon Line,Z‹g,Sumiyoshi,,10745,6158,4587,10737,6158,4579,,,,,
161,30,2018,“Œ‹’n‰º“SŠ”®‰ïĞ,"Tokyo Metro Co., Ltd.",”¼‘ –åü,Hanzomon Line,‹Ñ…’¬,Kinshicho,,19340,9608,9732,20052,9608,10444,,,,,
162,30,2018,“Œ‹’n‰º“SŠ”®‰ïĞ,"Tokyo Metro Co., Ltd.",”¼‘ –åü,Hanzomon Line,‰ŸãiƒXƒJƒCƒcƒŠ[‘Oj,Oshiage(Skytree),,33904,20288,13616,33252,20288,12964,,,,,
163,30,2018,“Œ‹’n‰º“SŠ”®‰ïĞ,"Tokyo Metro Co., Ltd.",“ì–kü,Namboku Line,,,¦,159824,98448,61376,159492,98448,61044,,,,,
164,30,2018,“Œ‹’n‰º“SŠ”®‰ïĞ,"Tokyo Metro Co., Ltd.",“ì–kü,Namboku Line,–Ú•,Meguro ,,22101,14390,7711,22743,14390,8353,,,,,
165,30,2018,“Œ‹’n‰º“SŠ”®‰ïĞ,"Tokyo Metro Co., Ltd.",“ì–kü,Namboku Line,”’‹à‘ä,Shirokanedai,,3384,1703,1681,3217,1703,1514,,,,,
166,30,2018,“Œ‹’n‰º“SŠ”®‰ïĞ,"Tokyo Metro Co., Ltd.",“ì–kü,Namboku Line,”’‹à‚—Ö,Shirokane-Takanawa,,8049,4230,3819,7742,4230,3512,,,,,
167,30,2018,“Œ‹’n‰º“SŠ”®‰ïĞ,"Tokyo Metro Co., Ltd.",“ì–kü,Namboku Line,–ƒ•z\”Ô,Azabu-Juban,,9232,4135,5097,9224,4135,5089,,,,,
168,30,2018,“Œ‹’n‰º“SŠ”®‰ïĞ,"Tokyo Metro Co., Ltd.",“ì–kü,Namboku Line,˜Z–{–Øˆê’š–Ú,Roppongi-Itchome,,15583,9834,5749,15919,9834,6085,,,,,
169,30,2018,“Œ‹’n‰º“SŠ”®‰ïĞ,"Tokyo Metro Co., Ltd.",“ì–kü,Namboku Line,—­’rR‰¤,Tameike-Sanno ,,8502,5298,3204,8414,5298,3116,,,,,
170,30,2018,“Œ‹’n‰º“SŠ”®‰ïĞ,"Tokyo Metro Co., Ltd.",“ì–kü,Namboku Line,‰i“c’¬,Nagatacho ,,3188,1760,1428,3188,1760,1428,,,,,
171,30,2018,“Œ‹’n‰º“SŠ”®‰ïĞ,"Tokyo Metro Co., Ltd.",“ì–kü,Namboku Line,lƒc’J,Yotsuya,,9037,5327,3710,8799,5327,3472,,,,,
172,30,2018,“Œ‹’n‰º“SŠ”®‰ïĞ,"Tokyo Metro Co., Ltd.",“ì–kü,Namboku Line,sƒP’J,Ichigaya,,7691,4352,3339,7389,4352,3037,,,,,
173,30,2018,“Œ‹’n‰º“SŠ”®‰ïĞ,"Tokyo Metro Co., Ltd.",“ì–kü,Namboku Line,”Ñ“c‹´,Iidabashi,,7829,4168,3661,7678,4168,3510,,,,,
174,30,2018,“Œ‹’n‰º“SŠ”®‰ïĞ,"Tokyo Metro Co., Ltd.",“ì–kü,Namboku Line,ŒãŠy‰€,Korakuen,,7539,3634,3905,7582,3634,3948,,,,,
175,30,2018,“Œ‹’n‰º“SŠ”®‰ïĞ,"Tokyo Metro Co., Ltd.",“ì–kü,Namboku Line,“Œ‘å‘O,Todaimae,,5383,3360,2023,5473,3360,2113,,,,,
176,30,2018,“Œ‹’n‰º“SŠ”®‰ïĞ,"Tokyo Metro Co., Ltd.",“ì–kü,Namboku Line,–{‹î,Hon-Komagome,,4288,2845,1443,4300,2845,1455,,,,,
177,30,2018,“Œ‹’n‰º“SŠ”®‰ïĞ,"Tokyo Metro Co., Ltd.",“ì–kü,Namboku Line,‹î,Komagome,,7570,4578,2992,7702,4578,3124,,,,,
178,30,2018,“Œ‹’n‰º“SŠ”®‰ïĞ,"Tokyo Metro Co., Ltd.",“ì–kü,Namboku Line,¼ƒPŒ´,Nishigahara,,1609,943,666,1597,943,654,,,,,
179,30,2018,“Œ‹’n‰º“SŠ”®‰ïĞ,"Tokyo Metro Co., Ltd.",“ì–kü,Namboku Line,‰¤q,Oji,,11654,7638,4016,11853,7638,4215,,,,,
180,30,2018,“Œ‹’n‰º“SŠ”®‰ïĞ,"Tokyo Metro Co., Ltd.",“ì–kü,Namboku Line,‰¤q_’J,Oji-Kamiya,,6964,4904,2060,6763,4904,1859,,,,,
181,30,2018,“Œ‹’n‰º“SŠ”®‰ïĞ,"Tokyo Metro Co., Ltd.",“ì–kü,Namboku Line,u–Î,Shimo,,2316,1473,843,2277,1473,804,,,,,
182,30,2018,“Œ‹’n‰º“SŠ”®‰ïĞ,"Tokyo Metro Co., Ltd.",“ì–kü,Namboku Line,Ô‰HŠâ•£,Akabane-Iwabuchi,,17905,13876,4029,17632,13876,3756,,,,,
183,30,2018,“Œ‹’n‰º“SŠ”®‰ïĞ,"Tokyo Metro Co., Ltd.",•›“sSü,Fukutoshin Line,,,¦,147862,82197,65665,147371,82197,65174,,,,,
184,30,2018,“Œ‹’n‰º“SŠ”®‰ïĞ,"Tokyo Metro Co., Ltd.",•›“sSü,Fukutoshin Line,¬’|ŒüŒ´,Kotake-Mukaihara,,16010,10297,5713,15088,10297,4791,,,,,
185,30,2018,“Œ‹’n‰º“SŠ”®‰ïĞ,"Tokyo Metro Co., Ltd.",•›“sSü,Fukutoshin Line,çì,Senkawa,,3249,2546,703,3465,2546,919,,,,,
186,30,2018,“Œ‹’n‰º“SŠ”®‰ïĞ,"Tokyo Metro Co., Ltd.",•›“sSü,Fukutoshin Line,—v’¬,Kanamecho,,3353,2439,914,3548,2439,1109,,,,,
187,30,2018,“Œ‹’n‰º“SŠ”®‰ïĞ,"Tokyo Metro Co., Ltd.",•›“sSü,Fukutoshin Line,’r‘Ü,Ikebukuro,,20465,12006,8459,22931,12006,10925,,,,,
188,30,2018,“Œ‹’n‰º“SŠ”®‰ïĞ,"Tokyo Metro Co., Ltd.",•›“sSü,Fukutoshin Line,Gi‚ª’J,Zoshigaya,,3512,1819,1693,3446,1819,1627,,,,,
189,30,2018,“Œ‹’n‰º“SŠ”®‰ïĞ,"Tokyo Metro Co., Ltd.",•›“sSü,Fukutoshin Line,¼‘ˆî“c,Nishi-Waseda,,7286,4666,2620,7244,4666,2578,,,,,
190,30,2018,“Œ‹’n‰º“SŠ”®‰ïĞ,"Tokyo Metro Co., Ltd.",•›“sSü,Fukutoshin Line,“ŒVh,Higashi-Shinjuku,,8044,3929,4115,7831,3929,3902,,,,,
191,30,2018,“Œ‹’n‰º“SŠ”®‰ïĞ,"Tokyo Metro Co., Ltd.",•›“sSü,Fukutoshin Line,VhO’š–Ú,Shinjuku-Sanchome,,19181,7521,11660,18488,7521,10967,,,,,
192,30,2018,“Œ‹’n‰º“SŠ”®‰ïĞ,"Tokyo Metro Co., Ltd.",•›“sSü,Fukutoshin Line,–kQ“¹,Kita-Sando,,4446,2226,2220,4443,2226,2217,,,,,
193,30,2018,“Œ‹’n‰º“SŠ”®‰ïĞ,"Tokyo Metro Co., Ltd.",•›“sSü,Fukutoshin Line,–¾¡_‹{‘OiŒ´hj,Meiji-Jingumae(Harajuku),,7085,1740,5345,6219,1740,4479,,,,,
194,30,2018,“Œ‹’n‰º“SŠ”®‰ïĞ,"Tokyo Metro Co., Ltd.",•›“sSü,Fukutoshin Line,a’J,Shibuya,,55231,33008,22223,54668,33008,21660,,,,,
195,30,2018,“s‰c,Metropolitan,,,,,,1155747,682035,473710,1155940,682035,473904,,,,,
196,30,2018,“s‰c,Metropolitan,ó‘ü,Asakusa Line,,,¦,279193,160644,118549,279193,160644,118549,,,,,
197,30,2018,“s‰c,Metropolitan,ó‘ü,Asakusa Line,¼”n,Nishi-Magome,,8998,6800,2198,8773,6800,1973,,,,,
198,30,2018,“s‰c,Metropolitan,ó‘ü,Asakusa Line,”n,Magome,,5404,3630,1774,5173,3630,1543,,,,,
199,30,2018,“s‰c,Metropolitan,ó‘ü,Asakusa Line,’†‰„,Nakanobu,,5845,3789,2056,5806,3789,2017,,,,,
200,30,2018,“s‰c,Metropolitan,ó‘ü,Asakusa Line,ŒË‰z,Togoshi,,4144,2502,1642,4026,2502,1524,,,,,
201,30,2018,“s‰c,Metropolitan,ó‘ü,Asakusa Line,ŒÜ”½“c,Gotanda,,12881,7912,4969,13132,7912,5220,,,,,
202,30,2018,“s‰c,Metropolitan,ó‘ü,Asakusa Line,‚—Ö‘ä,Takanawadai,,2679,1555,1124,2805,1555,1250,,,,,
203,30,2018,“s‰c,Metropolitan,ó‘ü,Asakusa Line,òŠx›,Sengakuji,,40795,22512,18283,41124,22512,18612,,,,,
204,30,2018,“s‰c,Metropolitan,ó‘ü,Asakusa Line,O“c,Mita,,20507,11961,8546,20575,11961,8614,,,,,
205,30,2018,“s‰c,Metropolitan,ó‘ü,Asakusa Line,‘å–å,Daimon,,20562,11118,9444,20545,11118,9428,,,,,
206,30,2018,“s‰c,Metropolitan,ó‘ü,Asakusa Line,V‹´,Shimbashi,,18459,10125,8334,18452,10125,8327,,,,,
207,30,2018,“s‰c,Metropolitan,ó‘ü,Asakusa Line,“Œ‹âÀ,Higashi-Ginza,,15675,8396,7279,15772,8396,7376,,,,,
208,30,2018,“s‰c,Metropolitan,ó‘ü,Asakusa Line,•ó’¬,Takaracho,,5836,3465,2371,5933,3465,2468,,,,,
209,30,2018,“s‰c,Metropolitan,ó‘ü,Asakusa Line,“ú–{‹´,Nihombashi,,18236,10951,7286,18413,10951,7462,,,,,
210,30,2018,“s‰c,Metropolitan,ó‘ü,Asakusa Line,lŒ`’¬,Ningyocho,,10140,5547,4592,9947,5547,4400,,,,,
211,30,2018,“s‰c,Metropolitan,ó‘ü,Asakusa Line,“Œ“ú–{‹´,Higashi-Nihombashi,,15495,8163,7332,15571,8163,7408,,,,,
212,30,2018,“s‰c,Metropolitan,ó‘ü,Asakusa Line,ó‘‹´,Asakusabashi,,11297,5830,5468,11150,5830,5321,,,,,
213,30,2018,“s‰c,Metropolitan,ó‘ü,Asakusa Line,‘ ‘O,Kuramae,,6875,3222,3653,6846,3222,3624,,,,,
214,30,2018,“s‰c,Metropolitan,ó‘ü,Asakusa Line,ó‘,Asakusa,,9813,3828,5986,10827,3828,6999,,,,,
215,30,2018,“s‰c,Metropolitan,ó‘ü,Asakusa Line,–{ŠŒáÈ‹´,Honjo-Azumabashi,,3580,2099,1481,3487,2099,1388,,,,,
216,30,2018,“s‰c,Metropolitan,ó‘ü,Asakusa Line,‰Ÿã,Oshiage,,41970,27239,14731,40836,27239,13597,,,,,
217,30,2018,“s‰c,Metropolitan,O“cü,Mita Line,,,¦,245550,155169,90380,245550,155169,90380,,,,,
218,30,2018,“s‰c,Metropolitan,O“cü,Mita Line,–Ú•,Meguro,,19024,12863,6161,18238,12863,5375,,,,,
219,30,2018,“s‰c,Metropolitan,O“cü,Mita Line,”’‹à‘ä,Shirokanedai ,,1846,1009,837,2123,1009,1115,,,,,
220,30,2018,“s‰c,Metropolitan,O“cü,Mita Line,”’‹à‚—Ö,Shirokane-Takanawa,,5068,2776,2292,5227,2776,2451,,,,,
221,30,2018,“s‰c,Metropolitan,O“cü,Mita Line,O“c,Mita,,20067,12134,7933,20012,12134,7878,,,,,
222,30,2018,“s‰c,Metropolitan,O“cü,Mita Line,ÅŒö‰€,Shibakoen,,5836,3598,2237,5939,3598,2341,,,,,
223,30,2018,“s‰c,Metropolitan,O“cü,Mita Line,Œä¬–å,Onarimon,,8866,5657,3209,9074,5657,3417,,,,,
224,30,2018,“s‰c,Metropolitan,O“cü,Mita Line,“àK’¬,Uchisaiwaicho,,8226,5059,3167,8440,5059,3381,,,,,
225,30,2018,“s‰c,Metropolitan,O“cü,Mita Line,“ú”ä’J,Hibiya,,16827,9818,7009,16968,9818,7150,,,,,
226,30,2018,“s‰c,Metropolitan,O“cü,Mita Line,‘åè’¬,Otemachi,,19551,12485,7066,19777,12485,7291,,,,,
227,30,2018,“s‰c,Metropolitan,O“cü,Mita Line,_•Û’¬,Jimbocho,,26812,15827,10985,26864,15827,11038,,,,,
228,30,2018,“s‰c,Metropolitan,O“cü,Mita Line,…“¹‹´,Suidobashi,,8718,4804,3914,8982,4804,4178,,,,,
229,30,2018,“s‰c,Metropolitan,O“cü,Mita Line,t“ú,Kasuga,,12800,6906,5894,12714,6906,5808,,,,,
230,30,2018,“s‰c,Metropolitan,O“cü,Mita Line,”’R,Hakusan,,9413,6895,2518,9331,6895,2435,,,,,
231,30,2018,“s‰c,Metropolitan,O“cü,Mita Line,çÎ,Sengoku,,5797,3657,2140,5654,3657,1997,,,,,
232,30,2018,“s‰c,Metropolitan,O“cü,Mita Line,‘ƒŠ›,Sugamo,,17311,11328,5982,17674,11328,6346,,,,,
233,30,2018,“s‰c,Metropolitan,O“cü,Mita Line,¼‘ƒŠ›,Nishi-Sugamo,,5646,3898,1748,5505,3898,1607,,,,,
234,30,2018,“s‰c,Metropolitan,O“cü,Mita Line,V”Â‹´,Shin-Itabashi,,5635,3480,2155,5670,3480,2190,,,,,
235,30,2018,“s‰c,Metropolitan,O“cü,Mita Line,”Â‹´‹æ–ğŠ‘O,Itabashikuyakushomae,,6443,4075,2368,6404,4075,2329,,,,,
236,30,2018,“s‰c,Metropolitan,O“cü,Mita Line,”Â‹´–{’¬,Itabashihoncho,,6624,4511,2112,6396,4511,1885,,,,,
237,30,2018,“s‰c,Metropolitan,O“cü,Mita Line,–{˜@À,Motohasunuma,,4752,3248,1504,4642,3248,1395,,,,,
238,30,2018,“s‰c,Metropolitan,O“cü,Mita Line,u‘ºâã,Shimura-Sakaue,,5705,3827,1878,5720,3827,1892,,,,,
239,30,2018,“s‰c,Metropolitan,O“cü,Mita Line,u‘ºO’š–Ú,Shimura-Sanchome,,5976,4159,1817,5844,4159,1685,,,,,
240,30,2018,“s‰c,Metropolitan,O“cü,Mita Line,˜@ª,Hasune,,3622,2446,1176,3562,2446,1116,,,,,
241,30,2018,“s‰c,Metropolitan,O“cü,Mita Line,¼‘ä,Nishidai,,5007,3536,1471,5000,3536,1464,,,,,
242,30,2018,“s‰c,Metropolitan,O“cü,Mita Line,‚“‡•½,Takashimadaira,,5642,4011,1630,5588,4011,1577,,,,,
243,30,2018,“s‰c,Metropolitan,O“cü,Mita Line,V‚“‡•½,Shin-Takashimadaira,,1845,1335,510,1804,1335,468,,,,,
244,30,2018,“s‰c,Metropolitan,O“cü,Mita Line,¼‚“‡•½,Nishi-Takashimadaira,,2492,1826,666,2397,1826,571,,,,,
245,30,2018,“s‰c,Metropolitan,Vhü,Shinjuku Line,,,¦,274415,165970,108444,274608,165970,108638,,,,,
246,30,2018,“s‰c,Metropolitan,Vhü,Shinjuku Line,Vh,Shinjuku,,57373,35037,22336,56621,35037,21584,,,,,
247,30,2018,“s‰c,Metropolitan,Vhü,Shinjuku Line,VhO’š–Ú,Shinjuku-Sanchome,,13388,6302,7086,13854,6302,7552,,,,,
248,30,2018,“s‰c,Metropolitan,Vhü,Shinjuku Line,Œ‹´,Akebonobashi,,7220,4007,3213,7062,4007,3055,,,,,
249,30,2018,“s‰c,Metropolitan,Vhü,Shinjuku Line,sƒ–’J,Ichigaya,,18080,11341,6738,18824,11341,7483,,,,,
250,30,2018,“s‰c,Metropolitan,Vhü,Shinjuku Line,‹ã’i‰º,Kudanshita,,21313,11746,9567,20908,11746,9162,,,,,
251,30,2018,“s‰c,Metropolitan,Vhü,Shinjuku Line,_•Û’¬,Jimbocho,,25110,15121,9988,25273,15121,10152,,,,,
252,30,2018,“s‰c,Metropolitan,Vhü,Shinjuku Line,¬ì’¬,Ogawamachi,,13391,8376,5015,13455,8376,5079,,,,,
253,30,2018,“s‰c,Metropolitan,Vhü,Shinjuku Line,Šâ–{’¬,Iwamotocho,,10103,5771,4332,10090,5771,4319,,,,,
254,30,2018,“s‰c,Metropolitan,Vhü,Shinjuku Line,”n‹ò‰¡R,Bakuroyokoyama,,21514,12368,9146,21460,12368,9093,,,,,
255,30,2018,“s‰c,Metropolitan,Vhü,Shinjuku Line,•l’¬,Hamacho,,4191,2398,1792,4273,2398,1875,,,,,
256,30,2018,“s‰c,Metropolitan,Vhü,Shinjuku Line,X‰º,Morishita,,14293,7796,6498,14640,7796,6845,,,,,
257,30,2018,“s‰c,Metropolitan,Vhü,Shinjuku Line,‹eì,Kikukawa,,4674,3001,1673,4715,3001,1714,,,,,
258,30,2018,“s‰c,Metropolitan,Vhü,Shinjuku Line,Z‹g,Sumiyoshi,,8185,5050,3136,8152,5050,3103,,,,,
259,30,2018,“s‰c,Metropolitan,Vhü,Shinjuku Line,¼‘å“‡,Nishi-Ojima,,5321,3371,1950,5379,3371,2008,,,,,
260,30,2018,“s‰c,Metropolitan,Vhü,Shinjuku Line,‘å“‡,Ojima,,6313,4158,2155,6225,4158,2067,,,,,
261,30,2018,“s‰c,Metropolitan,Vhü,Shinjuku Line,“Œ‘å“‡,Higashi-Ojima,,5972,4061,1911,5974,4061,1913,,,,,
262,30,2018,“s‰c,Metropolitan,Vhü,Shinjuku Line,‘D–x,Funabori,,11813,7826,3987,11752,7826,3926,,,,,
263,30,2018,“s‰c,Metropolitan,Vhü,Shinjuku Line,ˆê”V],Ichinoe,,8210,5672,2537,8079,5672,2407,,,,,
264,30,2018,“s‰c,Metropolitan,Vhü,Shinjuku Line,],Mizue,,10440,7302,3138,10417,7302,3116,,,,,
265,30,2018,“s‰c,Metropolitan,Vhü,Shinjuku Line,Âè,Shinozaki,,7512,5267,2245,7456,5267,2189,,,,,
266,30,2018,“s‰c,Metropolitan,‘å]ŒËü,Oedo Line,,,¦,356589,200252,156337,356589,200252,156337,,,,,
267,30,2018,“s‰c,Metropolitan,‘å]ŒËü,Oedo Line,Vh¼Œû,Shinjuku-Nishiguchi ,,11935,5782,6153,10725,5782,4943,,,,,
268,30,2018,“s‰c,Metropolitan,‘å]ŒËü,Oedo Line,“ŒVh,Higashi-Shinjuku,,7857,3935,3922,7702,3935,3767,,,,,
269,30,2018,“s‰c,Metropolitan,‘å]ŒËü,Oedo Line,á¼‰Í“c,Wakamatsu-Kawada,,5857,3301,2557,5955,3301,2654,,,,,
270,30,2018,“s‰c,Metropolitan,‘å]ŒËü,Oedo Line,‹–ö’¬,Ushigome-Yanagicho,,3898,2260,1638,3825,2260,1565,,,,,
271,30,2018,“s‰c,Metropolitan,‘å]ŒËü,Oedo Line,‹_Šyâ,Ushigome-Kagurazaka ,,2697,1327,1370,2864,1327,1537,,,,,
272,30,2018,“s‰c,Metropolitan,‘å]ŒËü,Oedo Line,”Ñ“c‹´,Iidabashi ,,6277,3432,2845,6235,3432,2802,,,,,
273,30,2018,“s‰c,Metropolitan,‘å]ŒËü,Oedo Line,t“ú,Kasuga,,11148,6200,4948,10964,6200,4764,,,,,
274,30,2018,“s‰c,Metropolitan,‘å]ŒËü,Oedo Line,–{‹½O’š–Ú,Hongo-Sanchome,,4002,2196,1806,4107,2196,1911,,,,,
275,30,2018,“s‰c,Metropolitan,‘å]ŒËü,Oedo Line,ã–ìŒä“k’¬,Ueno-Okachimachi,,10987,5491,5496,10913,5491,5422,,,,,
276,30,2018,“s‰c,Metropolitan,‘å]ŒËü,Oedo Line,VŒä“k’¬,Shin-Okachimachi,,10182,6474,3708,9860,6474,3387,,,,,
277,30,2018,“s‰c,Metropolitan,‘å]ŒËü,Oedo Line,‘ ‘O,Kuramae,,6420,3136,3284,6455,3136,3319,,,,,
278,30,2018,“s‰c,Metropolitan,‘å]ŒËü,Oedo Line,—¼‘,Ryogoku,,6460,3765,2695,6430,3765,2665,,,,,
279,30,2018,“s‰c,Metropolitan,‘å]ŒËü,Oedo Line,X‰º,Morishita ,,13252,7473,5779,12902,7473,5429,,,,,
280,30,2018,“s‰c,Metropolitan,‘å]ŒËü,Oedo Line,´Ÿ”’‰Í,Kiyosumi-Shirakawa ,,7732,4386,3346,7879,4386,3492,,,,,
281,30,2018,“s‰c,Metropolitan,‘å]ŒËü,Oedo Line,–å‘O’‡’¬,Monzen-Nakacho,,16025,9928,6097,16096,9928,6169,,,,,
282,30,2018,“s‰c,Metropolitan,‘å]ŒËü,Oedo Line,Œ“‡,Tsukishima ,,13752,8073,5680,13721,8073,5648,,,,,
283,30,2018,“s‰c,Metropolitan,‘å]ŒËü,Oedo Line,Ÿ‚Ç‚«,Kachidoki ,,18642,12103,6539,18619,12103,6517,,,,,
284,30,2018,“s‰c,Metropolitan,‘å]ŒËü,Oedo Line,’z’nsê,Tsukijishijo ,,5403,2679,2724,5643,2679,2965,,,,,
285,30,2018,“s‰c,Metropolitan,‘å]ŒËü,Oedo Line,¬—¯,Shiodome,,9934,5324,4610,9970,5324,4646,,,,,
286,30,2018,“s‰c,Metropolitan,‘å]ŒËü,Oedo Line,‘å–å,Daimon ,,24705,13425,11281,24584,13425,11159,,,,,
287,30,2018,“s‰c,Metropolitan,‘å]ŒËü,Oedo Line,Ô‰H‹´,Akabanebashi,,7921,4179,3741,7800,4179,3621,,,,,
288,30,2018,“s‰c,Metropolitan,‘å]ŒËü,Oedo Line,–ƒ•z\”Ô,Azabu-Juban ,,7023,3162,3861,6912,3162,3750,,,,,
289,30,2018,“s‰c,Metropolitan,‘å]ŒËü,Oedo Line,˜Z–{–Ø,Roppongi,,18881,8429,10452,19003,8429,10574,,,,,
290,30,2018,“s‰c,Metropolitan,‘å]ŒËü,Oedo Line,ÂRˆê’š–Ú,Aoyama-Itchome ,,14342,7451,6891,14259,7451,6807,,,,,
291,30,2018,“s‰c,Metropolitan,‘å]ŒËü,Oedo Line,‘—§‹£‹Zê,Kokuritsu-Kyogijo,,1883,764,1119,1879,764,1115,,,,,
292,30,2018,“s‰c,Metropolitan,‘å]ŒËü,Oedo Line,‘ãX–Ø,Yoyogi ,,7038,3665,3373,7109,3665,3444,,,,,
293,30,2018,“s‰c,Metropolitan,‘å]ŒËü,Oedo Line,Vh,Shinjuku,,25635,14369,11266,27412,14369,13044,,,,,
294,30,2018,“s‰c,Metropolitan,‘å]ŒËü,Oedo Line,“s’¡‘O,Tochomae,,9261,4781,4480,9789,4781,5008,,,,,
295,30,2018,“s‰c,Metropolitan,‘å]ŒËü,Oedo Line,¼VhŒÜ’š–Ú,Nishi-Shinjuku-Gochome ,,6778,3868,2910,6395,3868,2527,,,,,
296,30,2018,“s‰c,Metropolitan,‘å]ŒËü,Oedo Line,’†–ìâã,Nakano-Sakaue ,,7523,4684,2839,7633,4684,2949,,,,,
297,30,2018,“s‰c,Metropolitan,‘å]ŒËü,Oedo Line,“Œ’†–ì,Higashi-Nakano,,4957,3011,1946,5174,3011,2163,,,,,
298,30,2018,“s‰c,Metropolitan,‘å]ŒËü,Oedo Line,’†ˆä,Nakai ,,4786,2829,1957,4630,2829,1801,,,,,
299,30,2018,“s‰c,Metropolitan,‘å]ŒËü,Oedo Line,—‡“ì’·è,Ochiai-Minami-Nagasaki,,5163,3208,1955,5060,3208,1852,,,,,
300,30,2018,“s‰c,Metropolitan,‘å]ŒËü,Oedo Line,V]ŒÃ“c,Shin-Egota,,5304,3453,1852,5217,3453,1764,,,,,
301,30,2018,“s‰c,Metropolitan,‘å]ŒËü,Oedo Line,—û”n,Nerima,,14868,9248,5620,14864,9248,5616,,,,,
302,30,2018,“s‰c,Metropolitan,‘å]ŒËü,Oedo Line,–L“‡‰€,Toshimaen,,2244,1276,968,2221,1276,946,,,,,
303,30,2018,“s‰c,Metropolitan,‘å]ŒËü,Oedo Line,—û”nt“ú’¬,Nerima-Kasugacho,,4211,2824,1387,4184,2824,1360,,,,,
304,30,2018,“s‰c,Metropolitan,‘å]ŒËü,Oedo Line,Œõ‚ª‹u,Hikarigaoka,,11608,8365,3243,11600,8365,3235,,,,,
