1,“Œ‹“s“Œv”NŠÓi•½¬30”NjTOKYO STATISTICAL YEARBOOK ( 2018 ) ‚S@‰^—A 4@TRANSPORT ,,,,,,,,,,,,,,
2,,,,,,,,,,4-13  „“S‚Ì‰w•Êæ~Ôlˆõ (•½¬26`30”N“x) 4-13@PASSENGERS OF PRIVATE RAILWAYS BY STATION ( Fiscal Years 2014-2018 ),,,,,
3,,,,,,,,,,“¯ˆê‰ïĞ“à‚Ìæ‚èŒp‚¬‚Íœ‚­B ˆó‚Í“¯ˆê‰ïĞ“à‚ÌæŠ·‚¦‰w‚ğ¦‚·B ¦ˆó‚Í‹æ•”‚É‚ ‚é‰w (ü) ‚ğ¦‚·B,,,,,
4,,,,,,,,,,Figures exclude transit within the same company. Stations marked with  indicate transfer stations for lines within the same company. ¦ refers to stations (lines) located in the ku area.,,,,,
5,,,,,,,,,,‘—¿F„“SŠeĞ Source: Private railway companies,,,,,
6,,,,,,,,,,i’PˆÊ@çl) (In thousands of persons),,,,,
7,”N“xi•½¬j,Fiscal Year,‰ïĞ–¼,Company name,Œn“,Line,‰w,Station,ƒ}[ƒN Mark,æÔlˆõ Passengers getting on trains^‘” Total,æÔlˆõ Passengers getting on trains^’èŠú Commuter Pass,æÔlˆõ Passengers getting on trains^•’Ê Tickets,~ÔlˆõPassengers getting off trains^‘” Total,~ÔlˆõPassengers getting off trains^’èŠú Commuter Pass,~ÔlˆõPassengers getting off trains^•’Ê Tickets
8,26,2014,‘”,Total,,,,,,3045449,1797090,1248358,3026377,1786973,1239403
9,27,2015,‘”,Total,,,,,,3130488,1848213,1282278,3111206,1837856,1273352
10,28,2016,‘”,Total,,,,,,3171756,1880366,1291391,3152656,1869545,1283111
11,29,2017,‘”,Total,,,,,,3226788,1917000,1309787,3208970,1905917,1303052
12,30,2018,‘”,Total,,,,,,3280132,1949811,1330324,3260021,1938555,1321467
13,30,2018,‹æ•”,Ku area only,,,,,,2646605,1569988,1076621,2626695,1558732,1067967
14,30,2018,¬“c‹}“d“S,Odakyu Electric Railway,,,,,,351239,212755,138484,351529,212755,138774
15,30,2018,¬“c‹}“d“S,Odakyu Electric Railway,¬“cŒ´ü,Odawara Line,,,,332718,200805,131913,333476,200805,132672
16,30,2018,¬“c‹}“d“S,Odakyu Electric Railway,¬“cŒ´ü,Odawara Line,Vh,Shinjuku,¦,96469,57631,38838,93754,57631,36123
17,30,2018,¬“c‹}“d“S,Odakyu Electric Railway,¬“cŒ´ü,Odawara Line,“ìVh,Minami-Shinjuku,¦,658,183,475,811,183,628
18,30,2018,¬“c‹}“d“S,Odakyu Electric Railway,¬“cŒ´ü,Odawara Line,Q‹{‹´,Sangubashi,¦,2755,1042,1713,2874,1042,1832
19,30,2018,¬“c‹}“d“S,Odakyu Electric Railway,¬“cŒ´ü,Odawara Line,‘ãX–Ø”ª”¦,Yoyogi-Hachiman,¦,3554,1832,1723,3887,1832,2055
20,30,2018,¬“c‹}“d“S,Odakyu Electric Railway,¬“cŒ´ü,Odawara Line,‘ãX–ØãŒ´,Yoyogi-Uehara,¦,48875,32261,16614,51941,32261,19681
21,30,2018,¬“c‹}“d“S,Odakyu Electric Railway,¬“cŒ´ü,Odawara Line,“Œ–k‘ò,Higashi-Kitazawa,¦,1281,530,752,1299,530,770
22,30,2018,¬“c‹}“d“S,Odakyu Electric Railway,¬“cŒ´ü,Odawara Line,‰º–k‘ò,Shimo-Kitazawa,¦,21560,10971,10589,21826,10971,10855
23,30,2018,¬“c‹}“d“S,Odakyu Electric Railway,¬“cŒ´ü,Odawara Line,¢“c’J‘ã“c,Setagaya-Daita,¦,1600,785,815,1622,785,838
24,30,2018,¬“c‹}“d“S,Odakyu Electric Railway,¬“cŒ´ü,Odawara Line,”~ƒ–‹u,Umegaoka,¦,6209,3948,2261,6131,3948,2183
25,30,2018,¬“c‹}“d“S,Odakyu Electric Railway,¬“cŒ´ü,Odawara Line,‹“¿›,Gotokuji,¦,5199,2873,2326,5076,2873,2203
26,30,2018,¬“c‹}“d“S,Odakyu Electric Railway,¬“cŒ´ü,Odawara Line,Œo“°,Kyodo,¦,14770,9209,5561,14773,9209,5564
27,30,2018,¬“c‹}“d“S,Odakyu Electric Railway,¬“cŒ´ü,Odawara Line,çÎ‘D‹´,Chitose-Funabashi,¦,11061,6966,4095,10873,6966,3907
28,30,2018,¬“c‹}“d“S,Odakyu Electric Railway,¬“cŒ´ü,Odawara Line,‘ctƒ–’J‘å‘ ,Soshigaya-Okura,¦,9306,5689,3617,9302,5689,3614
29,30,2018,¬“c‹}“d“S,Odakyu Electric Railway,¬“cŒ´ü,Odawara Line,¬éŠw‰€‘O,Seijogakuen-Mae,¦,16505,10205,6301,16292,10205,6087
30,30,2018,¬“c‹}“d“S,Odakyu Electric Railway,¬“cŒ´ü,Odawara Line,Šì‘½Œ©,Kitami,¦,6272,3937,2336,6291,3937,2354
31,30,2018,¬“c‹}“d“S,Odakyu Electric Railway,¬“cŒ´ü,Odawara Line,],Komae,,8793,5660,3133,8853,5660,3194
32,30,2018,¬“c‹}“d“S,Odakyu Electric Railway,¬“cŒ´ü,Odawara Line,˜aò‘½–€ì,Izumi-Tamagawa,,2921,1939,982,2857,1939,918
33,30,2018,¬“c‹}“d“S,Odakyu Electric Railway,¬“cŒ´ü,Odawara Line,’ßì,Tsurukawa,,12657,8238,4419,12616,8238,4378
34,30,2018,¬“c‹}“d“S,Odakyu Electric Railway,¬“cŒ´ü,Odawara Line,‹ÊìŠw‰€‘O,Tamagawagakuen-Mae,,8714,5823,2891,8803,5823,2980
35,30,2018,¬“c‹}“d“S,Odakyu Electric Railway,¬“cŒ´ü,Odawara Line,’¬“c,Machida,,53559,31085,22473,53595,31085,22510
36,30,2018,¬“c‹}“d“S,Odakyu Electric Railway,‘½–€ü,Tama Line,,,,18521,11951,6570,18053,11951,6102
37,30,2018,¬“c‹}“d“S,Odakyu Electric Railway,‘½–€ü,Tama Line,¬“c‹}‰iR,Odakyu Nagayama,,5760,3422,2338,5679,3422,2257
38,30,2018,¬“c‹}“d“S,Odakyu Electric Railway,‘½–€ü,Tama Line,¬“c‹}‘½–€¾İÀ°,Odakyu Tama Center,,9560,6243,3317,9171,6243,2928
39,30,2018,¬“c‹}“d“S,Odakyu Electric Railway,‘½–€ü,Tama Line,“‚–Ø“c,Karakida,,3201,2286,915,3203,2286,917
40,30,2018,¼•“S“¹,Seibu Railway,,,,,,555266,353582,201685,555206,353582,201624
41,30,2018,¼•“S“¹,Seibu Railway,’r‘Üü,Ikebukuro Line,,,,237225,149369,87857,235860,149369,86491
42,30,2018,¼•“S“¹,Seibu Railway,’r‘Üü,Ikebukuro Line,’r‘Ü,Ikebukuro,¦,90435,59492,30943,88510,59492,29018
43,30,2018,¼•“S“¹,Seibu Railway,’r‘Üü,Ikebukuro Line,’Å–¼’¬,Shiinamachi,¦,3807,2025,1782,3756,2025,1731
44,30,2018,¼•“S“¹,Seibu Railway,’r‘Üü,Ikebukuro Line,“Œ’·è,Higashi-Nagasaki,¦,5114,3170,1944,5113,3170,1943
45,30,2018,¼•“S“¹,Seibu Railway,’r‘Üü,Ikebukuro Line,]ŒÃ“c,Ekoda,¦,6187,3629,2558,6231,3629,2602
46,30,2018,¼•“S“¹,Seibu Railway,’r‘Üü,Ikebukuro Line,÷‘ä,Sakuradai,¦,2757,1373,1384,2750,1373,1377
47,30,2018,¼•“S“¹,Seibu Railway,’r‘Üü,Ikebukuro Line,—û”n,Nerima,¦,17383,9586,7797,18178,9586,8592
48,30,2018,¼•“S“¹,Seibu Railway,’r‘Üü,Ikebukuro Line,’†‘º‹´,Nakamurabashi,¦,7459,4715,2744,7429,4715,2714
49,30,2018,¼•“S“¹,Seibu Railway,’r‘Üü,Ikebukuro Line,•xmŒ©‘ä,Fujimidai,¦,5123,3013,2110,5055,3013,2042
50,30,2018,¼•“S“¹,Seibu Railway,’r‘Üü,Ikebukuro Line,—û”n‚–ì‘ä,Nerima-Takanodai,¦,4996,2756,2240,4935,2756,2179
51,30,2018,¼•“S“¹,Seibu Railway,’r‘Üü,Ikebukuro Line,Î_ˆäŒö‰€,Shakujii-Koen,¦,15065,9687,5378,15069,9687,5382
52,30,2018,¼•“S“¹,Seibu Railway,’r‘Üü,Ikebukuro Line,‘åòŠw‰€,Oizumi-Gakuen,¦,16110,9913,6197,16048,9913,6135
53,30,2018,¼•“S“¹,Seibu Railway,’r‘Üü,Ikebukuro Line,•Û’J,Hoya,,11517,7783,3734,11494,7783,3711
54,30,2018,¼•“S“¹,Seibu Railway,’r‘Üü,Ikebukuro Line,‚Ğ‚Î‚èƒP‹u,Hibarigaoka,,13432,8256,5176,13435,8256,5179
55,30,2018,¼•“S“¹,Seibu Railway,’r‘Üü,Ikebukuro Line,“Œ‹v—¯•Ä,Higashi-Kurume,,10043,6264,3779,10060,6264,3796
56,30,2018,¼•“S“¹,Seibu Railway,’r‘Üü,Ikebukuro Line,´£,Kiyose,,12925,8493,4432,12902,8493,4409
57,30,2018,¼•“S“¹,Seibu Railway,’r‘Üü,Ikebukuro Line,H’Ã,Akitsu,,14873,9214,5659,14895,9214,5681
58,30,2018,¼•“S“¹,Seibu Railway,¼•—LŠy’¬ü,Seibu Yurakucho Line,,,¦,33724,22428,11296,35144,22428,12716
59,30,2018,¼•“S“¹,Seibu Railway,¼•—LŠy’¬ü,Seibu Yurakucho Line,¬’|ŒüŒ´,Kotake-Mukaihara,,25475,17153,8322,27277,17153,10124
60,30,2018,¼•“S“¹,Seibu Railway,¼•—LŠy’¬ü,Seibu Yurakucho Line,V÷‘ä,Shin-Sakuradai,,1784,976,808,1695,976,719
61,30,2018,¼•“S“¹,Seibu Railway,¼•—LŠy’¬ü,Seibu Yurakucho Line,—û”n,Nerima,,6465,4299,2166,6172,4299,1873
62,30,2018,¼•“S“¹,Seibu Railway,–L“‡ü,Toshima Line,,,¦,2828,1398,1430,2802,1398,1404
63,30,2018,¼•“S“¹,Seibu Railway,–L“‡ü,Toshima Line,—û”n,Nerima,,158,3,155,167,3,164
64,30,2018,¼•“S“¹,Seibu Railway,–L“‡ü,Toshima Line,–L“‡‰€,Toshimaen,,2670,1395,1275,2635,1395,1240
65,30,2018,¼•“S“¹,Seibu Railway,RŒûü,Yamaguchi Line,,,,43,1,42,44,1,43
66,30,2018,¼•“S“¹,Seibu Railway,RŒûü,Yamaguchi Line,¼•—V‰€’n,Seibu-Yuenchi,,43,1,42,44,1,43
67,30,2018,¼•“S“¹,Seibu Railway,Vhü,Shinjuku Line,,,,195937,125983,69954,196069,125983,70086
68,30,2018,¼•“S“¹,Seibu Railway,Vhü,Shinjuku Line,¼•Vh,Seibu-Shinjuku,¦,35259,21948,13311,32111,21948,10163
69,30,2018,¼•“S“¹,Seibu Railway,Vhü,Shinjuku Line,‚“c”nê,Takadanobaba,¦,53807,36748,17059,57790,36748,21042
70,30,2018,¼•“S“¹,Seibu Railway,Vhü,Shinjuku Line,‰º—‡,Shimo-Ochiai,¦,2376,1051,1325,2179,1051,1128
71,30,2018,¼•“S“¹,Seibu Railway,Vhü,Shinjuku Line,’†ˆä,Nakai,¦,5395,3269,2126,5494,3269,2225
72,30,2018,¼•“S“¹,Seibu Railway,Vhü,Shinjuku Line,Vˆä–òt‘O,Araiyakushi-Mae,¦,4194,2421,1773,4157,2421,1736
73,30,2018,¼•“S“¹,Seibu Railway,Vhü,Shinjuku Line,À‘Ü,Numabukuro,¦,3792,2145,1647,3710,2145,1565
74,30,2018,¼•“S“¹,Seibu Railway,Vhü,Shinjuku Line,–ì•û,Nogata,¦,4674,2704,1970,4642,2704,1938
75,30,2018,¼•“S“¹,Seibu Railway,Vhü,Shinjuku Line,“s—§‰Æ­,Toritsu-Kasei,¦,3524,2325,1199,3494,2325,1169
76,30,2018,¼•“S“¹,Seibu Railway,Vhü,Shinjuku Line,ëƒm‹{,Saginomiya,¦,6121,3954,2167,5946,3954,1992
77,30,2018,¼•“S“¹,Seibu Railway,Vhü,Shinjuku Line,‰ºˆä‘,Shimo-Igusa,¦,4620,3111,1509,4571,3111,1460
78,30,2018,¼•“S“¹,Seibu Railway,Vhü,Shinjuku Line,ˆä‰¬,Iogi,¦,3731,2287,1444,3678,2287,1391
79,30,2018,¼•“S“¹,Seibu Railway,Vhü,Shinjuku Line,ãˆä‘,Kami-Igusa,¦,3915,2625,1290,3929,2625,1304
80,30,2018,¼•“S“¹,Seibu Railway,Vhü,Shinjuku Line,ãÎ_ˆä,Kami-Shakujii,¦,8224,5647,2577,8186,5647,2539
81,30,2018,¼•“S“¹,Seibu Railway,Vhü,Shinjuku Line,•‘ ŠÖ,Musashi-Seki,¦,5891,3869,2022,5768,3869,1899
82,30,2018,¼•“S“¹,Seibu Railway,Vhü,Shinjuku Line,“Œ•šŒ©,Higashi-Fushimi,,4618,3061,1557,4594,3061,1533
83,30,2018,¼•“S“¹,Seibu Railway,Vhü,Shinjuku Line,¼•–ö‘ò,Seibu-Yagisawa,,3088,1665,1423,3018,1665,1353
84,30,2018,¼•“S“¹,Seibu Railway,Vhü,Shinjuku Line,“c–³,Tanashi,,13888,9153,4735,13851,9153,4698
85,30,2018,¼•“S“¹,Seibu Railway,Vhü,Shinjuku Line,‰Ô¬‹àˆä,Hana-Koganei,,10815,7137,3678,10801,7137,3664
86,30,2018,¼•“S“¹,Seibu Railway,Vhü,Shinjuku Line,¬•½,Kodaira,,5576,3330,2246,5566,3330,2236
87,30,2018,¼•“S“¹,Seibu Railway,Vhü,Shinjuku Line,‹v•Äì,Kumegawa,,5952,3355,2597,6049,3355,2694
88,30,2018,¼•“S“¹,Seibu Railway,Vhü,Shinjuku Line,“Œ‘ºR,Higashi-Murayama,,6477,4178,2299,6535,4178,2357
89,30,2018,¼•“S“¹,Seibu Railway,”q“‡ü,Haijima Line,,,,29442,18911,10531,29264,18911,10353
90,30,2018,¼•“S“¹,Seibu Railway,”q“‡ü,Haijima Line,¬•½,Kodaira,,1654,873,781,1608,873,735
91,30,2018,¼•“S“¹,Seibu Railway,”q“‡ü,Haijima Line,”‹R,Hagiyama,,1235,705,530,1207,705,502
92,30,2018,¼•“S“¹,Seibu Railway,”q“‡ü,Haijima Line,¬ì,Ogawa,,2851,1744,1107,2796,1744,1052
93,30,2018,¼•“S“¹,Seibu Railway,”q“‡ü,Haijima Line,“Œ‘å˜as,Higashi-Yamatoshi,,4763,2878,1885,4714,2878,1836
94,30,2018,¼•“S“¹,Seibu Railway,”q“‡ü,Haijima Line,‹Êìã…,Tamagawajosui,,7818,5188,2630,7814,5188,2626
95,30,2018,¼•“S“¹,Seibu Railway,”q“‡ü,Haijima Line,•‘ »ì,Musashi-Sunagawa,,2243,1499,744,2211,1499,712
96,30,2018,¼•“S“¹,Seibu Railway,”q“‡ü,Haijima Line,¼•—§ì,Seibu-Tachikawa,,2190,1453,737,2181,1453,728
97,30,2018,¼•“S“¹,Seibu Railway,”q“‡ü,Haijima Line,”q“‡,Haijima,,6688,4571,2117,6733,4571,2162
98,30,2018,¼•“S“¹,Seibu Railway,¼•‰€ü,Seibuen Line,,,,747,353,394,709,353,356
99,30,2018,¼•“S“¹,Seibu Railway,¼•‰€ü,Seibuen Line,“Œ‘ºR,Higashi-Murayama,,58,5,53,63,5,58
100,30,2018,¼•“S“¹,Seibu Railway,¼•‰€ü,Seibuen Line,¼•‰€,Seibuen,,689,348,341,646,348,298
101,30,2018,¼•“S“¹,Seibu Railway,‘•ª›ü,Kokubunji Line,,,,26560,17841,8719,26572,17841,8731
102,30,2018,¼•“S“¹,Seibu Railway,‘•ª›ü,Kokubunji Line,‘•ª›,Kokubunji,,14231,9665,4566,14240,9665,4575
103,30,2018,¼•“S“¹,Seibu Railway,‘•ª›ü,Kokubunji Line,—öƒPŒE,Koigakubo,,2330,1456,874,2312,1456,856
104,30,2018,¼•“S“¹,Seibu Railway,‘•ª›ü,Kokubunji Line,‘é‚Ì‘ä,Takanodai,,4874,3448,1426,4832,3448,1384
105,30,2018,¼•“S“¹,Seibu Railway,‘•ª›ü,Kokubunji Line,¬ì,Ogawa,,2698,1689,1009,2685,1689,996
106,30,2018,¼•“S“¹,Seibu Railway,‘•ª›ü,Kokubunji Line,“Œ‘ºR,Higashi-Murayama,,2427,1583,844,2503,1583,920
107,30,2018,¼•“S“¹,Seibu Railway,‘½–€ŒÎü,Tamako Line,,,,16741,9869,6872,16723,9869,6854
108,30,2018,¼•“S“¹,Seibu Railway,‘½–€ŒÎü,Tamako Line,‘•ª›,Kokubunji,,7612,4483,3129,7760,4483,3277
109,30,2018,¼•“S“¹,Seibu Railway,‘½–€ŒÎü,Tamako Line,ˆê‹´Šw‰€,Hitotsubashi-Gakuen,,3969,2344,1625,3888,2344,1544
110,30,2018,¼•“S“¹,Seibu Railway,‘½–€ŒÎü,Tamako Line,Â”~ŠX“¹,Ome-Kaido,,1545,950,595,1539,950,589
111,30,2018,¼•“S“¹,Seibu Railway,‘½–€ŒÎü,Tamako Line,”‹R,Hagiyama,,678,250,428,642,250,392
112,30,2018,¼•“S“¹,Seibu Railway,‘½–€ŒÎü,Tamako Line,”ªâ,Yasaka,,1112,645,467,1112,645,467
113,30,2018,¼•“S“¹,Seibu Railway,‘½–€ŒÎü,Tamako Line,•‘ ‘å˜a,Musashi-Yamato,,1373,924,449,1338,924,414
114,30,2018,¼•“S“¹,Seibu Railway,‘½–€ŒÎü,Tamako Line,¼•—V‰€’n,Seibu-Yuenchi,,452,273,179,444,273,171
115,30,2018,¼•“S“¹,Seibu Railway,‘½–€ìü,Tamagawa Line,,,,12019,7429,4590,12019,7429,4590
116,30,2018,¼•“S“¹,Seibu Railway,‘½–€ìü,Tamagawa Line,•‘ ‹«,Musashi-Sakai,,5627,3568,2059,5664,3568,2096
117,30,2018,¼•“S“¹,Seibu Railway,‘½–€ìü,Tamagawa Line,V¬‹àˆä,Shin-Koganei,,729,387,342,718,387,331
118,30,2018,¼•“S“¹,Seibu Railway,‘½–€ìü,Tamagawa Line,‘½–,Tama@@@,,2559,1483,1076,2541,1483,1058
119,30,2018,¼•“S“¹,Seibu Railway,‘½–€ìü,Tamagawa Line,”’…‘ä,Shiraitodai   ,,1133,678,455,1149,678,471
120,30,2018,¼•“S“¹,Seibu Railway,‘½–€ìü,Tamagawa Line,‹£’øê‘O,Kyoteijo-Mae,,539,234,305,522,234,288
121,30,2018,¼•“S“¹,Seibu Railway,‘½–€ìü,Tamagawa Line,¥­,Koremasa,,1432,1079,353,1425,1079,346
122,30,2018,“Œ‹‹}s“d“S,Tokyu Corporation,,,,,,734103,435525,298578,712702,424269,288433
123,30,2018,“Œ‹‹}s“d“S,Tokyu Corporation,“Œ‰¡ü,Toyoko Line,,,¦,182757,100263,82494,182072,100263,81809
124,30,2018,“Œ‹‹}s“d“S,Tokyu Corporation,“Œ‰¡ü,Toyoko Line,a’J,Shibuya,,86762,49524,37238,85808,49524,36284
125,30,2018,“Œ‹‹}s“d“S,Tokyu Corporation,“Œ‰¡ü,Toyoko Line,‘ãŠ¯R,Daikan-Yama,,5603,1833,3770,6040,1833,4207
126,30,2018,“Œ‹‹}s“d“S,Tokyu Corporation,“Œ‰¡ü,Toyoko Line,’†–Ú•,Naka-Meguro,,36013,22599,13414,35822,22599,13223
127,30,2018,“Œ‹‹}s“d“S,Tokyu Corporation,“Œ‰¡ü,Toyoko Line,—S“V›,Yutenji,,5852,2756,3096,5814,2756,3057
128,30,2018,“Œ‹‹}s“d“S,Tokyu Corporation,“Œ‰¡ü,Toyoko Line,ŠwŒ|‘åŠw,Gakugei-Daigaku,,14310,7788,6522,14252,7788,6464
129,30,2018,“Œ‹‹}s“d“S,Tokyu Corporation,“Œ‰¡ü,Toyoko Line,“s—§‘åŠw,Toritsu-Daigaku,,9079,4164,4915,8891,4164,4726
130,30,2018,“Œ‹‹}s“d“S,Tokyu Corporation,“Œ‰¡ü,Toyoko Line,©—R‚ª‹u,Jiyugaoka,,18038,8247,9791,18482,8247,10235
131,30,2018,“Œ‹‹}s“d“S,Tokyu Corporation,“Œ‰¡ü,Toyoko Line,“c‰€’²•z,Den-En-Chofu,,4397,2240,2157,4417,2240,2177
132,30,2018,“Œ‹‹}s“d“S,Tokyu Corporation,“Œ‰¡ü,Toyoko Line,‘½–€ì,Tamagawa,,2701,1111,1591,2546,1111,1435
133,30,2018,“Œ‹‹}s“d“S,Tokyu Corporation,–Ú•ü,Meguro Line,,,¦,86843,53625,33218,87229,53625,33605
134,30,2018,“Œ‹‹}s“d“S,Tokyu Corporation,–Ú•ü,Meguro Line,–Ú•,Meguro,,51659,34194,17465,52607,34194,18412
135,30,2018,“Œ‹‹}s“d“S,Tokyu Corporation,–Ú•ü,Meguro Line,•s“®‘O,Fudo-Mae,,5883,3076,2808,5548,3076,2472
136,30,2018,“Œ‹‹}s“d“S,Tokyu Corporation,–Ú•ü,Meguro Line,•‘ ¬R,Musashi-Koyama,,9805,5390,4415,9888,5390,4498
137,30,2018,“Œ‹‹}s“d“S,Tokyu Corporation,–Ú•ü,Meguro Line,¼¬R,Nishi-Koyama,,6966,4657,2310,6789,4657,2133
138,30,2018,“Œ‹‹}s“d“S,Tokyu Corporation,–Ú•ü,Meguro Line,ô‘«,Senzoku,,2776,1315,1461,2752,1315,1437
139,30,2018,“Œ‹‹}s“d“S,Tokyu Corporation,–Ú•ü,Meguro Line,‘å‰ªR,Ookayama,,4099,2136,1963,4036,2136,1900
140,30,2018,“Œ‹‹}s“d“S,Tokyu Corporation,–Ú•ü,Meguro Line,‰œ‘ò,Okusawa,,2615,1305,1310,2608,1305,1303
141,30,2018,“Œ‹‹}s“d“S,Tokyu Corporation,–Ú•ü,Meguro Line,“c‰€’²•z,Den-En-Chofu,,2319,1257,1061,2337,1257,1079
142,30,2018,“Œ‹‹}s“d“S,Tokyu Corporation,–Ú•ü,Meguro Line,‘½–€ì,Tamagawa@,,721,294,426,664,294,370
143,30,2018,“Œ‹‹}s“d“S,Tokyu Corporation,“c‰€“ssü,Den-En-Toshi Line,,,,233442,149059,84383,233761,149059,84702
144,30,2018,“Œ‹‹}s“d“S,Tokyu Corporation,“c‰€“ssü,Den-En-Toshi Line,a’J,Shibuya,¦,126206,86197,40009,127804,86197,41608
145,30,2018,“Œ‹‹}s“d“S,Tokyu Corporation,“c‰€“ssü,Den-En-Toshi Line,’rK‘å‹´,Ikejiri-Ohashi,¦,11803,6911,4892,11319,6911,4408
146,30,2018,“Œ‹‹}s“d“S,Tokyu Corporation,“c‰€“ssü,Den-En-Toshi Line,OŒ¬’ƒ‰®,Sangen-Jaya,¦,25839,14802,11036,25675,14802,10872
147,30,2018,“Œ‹‹}s“d“S,Tokyu Corporation,“c‰€“ssü,Den-En-Toshi Line,‹î‘ò‘åŠw,Komazawa-Daigaku,¦,14993,9158,5835,14561,9158,5403
148,30,2018,“Œ‹‹}s“d“S,Tokyu Corporation,“c‰€“ssü,Den-En-Toshi Line,÷V’¬,Sakura-Shimmachi,¦,13508,8639,4869,13300,8639,4661
149,30,2018,“Œ‹‹}s“d“S,Tokyu Corporation,“c‰€“ssü,Den-En-Toshi Line,—p‰ê,Yoga,¦,12409,6882,5528,12305,6882,5423
150,30,2018,“Œ‹‹}s“d“S,Tokyu Corporation,“c‰€“ssü,Den-En-Toshi Line,“ñq‹Êì,Futako-Tamagawa  ,¦,18867,9852,9014,19016,9852,9164
151,30,2018,“Œ‹‹}s“d“S,Tokyu Corporation,“c‰€“ssü,Den-En-Toshi Line,‚Â‚­‚µ–ì,Tsukushino,,2159,1405,753,2148,1405,743
152,30,2018,“Œ‹‹}s“d“S,Tokyu Corporation,“c‰€“ssü,Den-En-Toshi Line,‚·‚¸‚©‚¯‘ä,Suzukakedai,,2140,1421,719,2126,1421,704
153,30,2018,“Œ‹‹}s“d“S,Tokyu Corporation,“c‰€“ssü,Den-En-Toshi Line,“ì’¬“c,Minami-Machida,,5519,3792,1727,5507,3792,1716
154,30,2018,“Œ‹‹}s“d“S,Tokyu Corporation,‘åˆä’¬ü,Oimachi Line,,,¦,91344,48363,42981,90810,48363,42447
155,30,2018,“Œ‹‹}s“d“S,Tokyu Corporation,‘åˆä’¬ü,Oimachi Line,‘åˆä’¬,Oimachi,,26480,16211,10270,26335,16211,10124
156,30,2018,“Œ‹‹}s“d“S,Tokyu Corporation,‘åˆä’¬ü,Oimachi Line,‰º_–¾,Shimo-Shimmei,,1573,789,784,1581,789,792
157,30,2018,“Œ‹‹}s“d“S,Tokyu Corporation,‘åˆä’¬ü,Oimachi Line,ŒË‰zŒö‰€,Togoshi-Koen,,2479,1177,1302,2528,1177,1351
158,30,2018,“Œ‹‹}s“d“S,Tokyu Corporation,‘åˆä’¬ü,Oimachi Line,’†‰„,Nakanobu,,4388,2540,1848,4519,2540,1979
159,30,2018,“Œ‹‹}s“d“S,Tokyu Corporation,‘åˆä’¬ü,Oimachi Line,‰`Œ´’¬,Ebara-Machi,,3287,1937,1350,3270,1937,1333
160,30,2018,“Œ‹‹}s“d“S,Tokyu Corporation,‘åˆä’¬ü,Oimachi Line,Šø‚Ì‘ä,Hatanodai,,4796,2399,2397,4630,2399,2230
161,30,2018,“Œ‹‹}s“d“S,Tokyu Corporation,‘åˆä’¬ü,Oimachi Line,–kç‘©,Kita-Senzoku,,1319,606,713,1318,606,713
162,30,2018,“Œ‹‹}s“d“S,Tokyu Corporation,‘åˆä’¬ü,Oimachi Line,‘å‰ªR,Ookayama,,5394,2950,2444,5428,2950,2478
163,30,2018,“Œ‹‹}s“d“S,Tokyu Corporation,‘åˆä’¬ü,Oimachi Line,—Î‚ª‹u,Midorigaoka,,1958,872,1086,1845,872,973
164,30,2018,“Œ‹‹}s“d“S,Tokyu Corporation,‘åˆä’¬ü,Oimachi Line,©—R‚ª‹u,Jiyugaoka,,10623,3930,6693,10532,3930,6602
165,30,2018,“Œ‹‹}s“d“S,Tokyu Corporation,‘åˆä’¬ü,Oimachi Line,‹ã•i•§,Kuhombutsu,,2459,1304,1156,2433,1304,1130
166,30,2018,“Œ‹‹}s“d“S,Tokyu Corporation,‘åˆä’¬ü,Oimachi Line,”öR‘ä,Oyamadai,,5682,3248,2434,5604,3248,2356
167,30,2018,“Œ‹‹}s“d“S,Tokyu Corporation,‘åˆä’¬ü,Oimachi Line,“™X—Í,Todoroki,,5459,3163,2296,5388,3163,2225
168,30,2018,“Œ‹‹}s“d“S,Tokyu Corporation,‘åˆä’¬ü,Oimachi Line,ã–ì–Ñ,Kaminoge,,4208,2235,1973,4141,2235,1906
169,30,2018,“Œ‹‹}s“d“S,Tokyu Corporation,‘åˆä’¬ü,Oimachi Line,“ñq‹Êì,Futako-Tamagawa ,,11237,5003,6235,11258,5003,6256
170,30,2018,“Œ‹‹}s“d“S,Tokyu Corporation,’rãü,Ikegami Line,,,¦,78845,47858,30986,79121,47858,31262
171,30,2018,“Œ‹‹}s“d“S,Tokyu Corporation,’rãü,Ikegami Line,ŒÜ”½“c,Gotanda,,20967,14345,6623,21140,14345,6795
172,30,2018,“Œ‹‹}s“d“S,Tokyu Corporation,’rãü,Ikegami Line,‘åèL¬˜H,Osakihirokoji,,1495,606,889,1621,606,1014
173,30,2018,“Œ‹‹}s“d“S,Tokyu Corporation,’rãü,Ikegami Line,ŒË‰z‹âÀ,Togoshi-Ginza,,3798,1909,1889,3816,1909,1907
174,30,2018,“Œ‹‹}s“d“S,Tokyu Corporation,’rãü,Ikegami Line,‰`Œ´’†‰„,Ebara-Nakanobu,,2536,1481,1055,2531,1481,1050
175,30,2018,“Œ‹‹}s“d“S,Tokyu Corporation,’rãü,Ikegami Line,Šø‚Ì‘ä,Hatanodai,,2809,1198,1611,2596,1198,1398
176,30,2018,“Œ‹‹}s“d“S,Tokyu Corporation,’rãü,Ikegami Line,’·Œ´,Nagahara,,2864,1610,1254,3021,1610,1411
177,30,2018,“Œ‹‹}s“d“S,Tokyu Corporation,’rãü,Ikegami Line,ô‘«’r,Senzoku-Ike,,3506,2136,1371,3503,2136,1367
178,30,2018,“Œ‹‹}s“d“S,Tokyu Corporation,’rãü,Ikegami Line,Îì‘ä,Ishikawa-Dai,,2849,1437,1412,2817,1437,1380
179,30,2018,“Œ‹‹}s“d“S,Tokyu Corporation,’rãü,Ikegami Line,á‚ª’J‘å’Ë,Yukigaya-Otsuka,,4653,2797,1856,4709,2797,1912
180,30,2018,“Œ‹‹}s“d“S,Tokyu Corporation,’rãü,Ikegami Line,Œä›ÔR,Ontakesan,,4993,3549,1444,5016,3549,1467
181,30,2018,“Œ‹‹}s“d“S,Tokyu Corporation,’rãü,Ikegami Line,‹v‚ªŒ´,Kugahara,,3039,1602,1437,3034,1602,1431
182,30,2018,“Œ‹‹}s“d“S,Tokyu Corporation,’rãü,Ikegami Line,ç’¹’¬,Chidoricho,,3037,1871,1167,2979,1871,1108
183,30,2018,“Œ‹‹}s“d“S,Tokyu Corporation,’rãü,Ikegami Line,’rã,Ikegami,,6759,3804,2955,6720,3804,2916
184,30,2018,“Œ‹‹}s“d“S,Tokyu Corporation,’rãü,Ikegami Line,˜@À,Hasunuma,,1634,740,894,1503,740,763
185,30,2018,“Œ‹‹}s“d“S,Tokyu Corporation,’rãü,Ikegami Line,Š—“c,Kamata,,13904,8773,5130,14116,8773,5343
186,30,2018,“Œ‹‹}s“d“S,Tokyu Corporation,“Œ‹}‘½–€ìü,Tokyu Tamagawa Line,,,¦,39675,25100,14575,39709,25100,14608
187,30,2018,“Œ‹‹}s“d“S,Tokyu Corporation,“Œ‹}‘½–€ìü,Tokyu Tamagawa Line,‘½–€ì,Tamagawa@,,791,345,445,741,345,396
188,30,2018,“Œ‹‹}s“d“S,Tokyu Corporation,“Œ‹}‘½–€ìü,Tokyu Tamagawa Line,À•”,Numabe,,2024,1136,888,2012,1136,877
189,30,2018,“Œ‹‹}s“d“S,Tokyu Corporation,“Œ‹}‘½–€ìü,Tokyu Tamagawa Line,‰L‚Ì–Ø,Unoki,,3696,2121,1575,3663,2121,1542
190,30,2018,“Œ‹‹}s“d“S,Tokyu Corporation,“Œ‹}‘½–€ìü,Tokyu Tamagawa Line,‰ºŠÛq,Shimomaruko,,6772,4716,2056,6690,4716,1974
191,30,2018,“Œ‹‹}s“d“S,Tokyu Corporation,“Œ‹}‘½–€ìü,Tokyu Tamagawa Line,•‘ V“c,Musashi-Nitta,,4919,2923,1996,4859,2923,1935
192,30,2018,“Œ‹‹}s“d“S,Tokyu Corporation,“Œ‹}‘½–€ìü,Tokyu Tamagawa Line,–îŒû“n,Yaguchi-No-Watashi,,4802,2845,1958,4654,2845,1809
193,30,2018,“Œ‹‹}s“d“S,Tokyu Corporation,“Œ‹}‘½–€ìü,Tokyu Tamagawa Line,Š—“c,Kamata,,16671,11014,5657,17089,11014,6076
194,30,2018,“Œ‹‹}s“d“S,Tokyu Corporation,¢“c’Jü,Setagaya Line,,,¦,21198,11256,9942,-,-,-
195,30,2018,‹•l‹}s“d“S,Keikyu Corporation,,,,,,186448,95669,90779,186380,95669,90711
196,30,2018,‹•l‹}s“d“S,Keikyu Corporation,–{ü,Main Line,,,¦,146740,81266,65474,145914,81266,64648
197,30,2018,‹•l‹}s“d“S,Keikyu Corporation,–{ü,Main Line,òŠx›,Sengakuji,,36897,19595,17302,36581,19595,16986
198,30,2018,‹•l‹}s“d“S,Keikyu Corporation,–{ü,Main Line,•iì,Shinagawa,,52161,28734,23427,52233,28734,23499
199,30,2018,‹•l‹}s“d“S,Keikyu Corporation,–{ü,Main Line,–k•iì,Kitashinagawa,,1759,1063,696,1751,1063,688
200,30,2018,‹•l‹}s“d“S,Keikyu Corporation,–{ü,Main Line,V”nê,Shimbamba,,3047,1518,1529,2994,1518,1476
201,30,2018,‹•l‹}s“d“S,Keikyu Corporation,–{ü,Main Line,Â•¨‰¡’š,Aomono-Yokocho,,7893,5292,2601,7886,5292,2594
202,30,2018,‹•l‹}s“d“S,Keikyu Corporation,–{ü,Main Line,LF,Samezu,,2049,1153,896,2019,1153,866
203,30,2018,‹•l‹}s“d“S,Keikyu Corporation,–{ü,Main Line,—§‰ïì,Tachiaigawa,,3575,2072,1503,3505,2072,1433
204,30,2018,‹•l‹}s“d“S,Keikyu Corporation,–{ü,Main Line,‘åXŠCŠİ,Omorikaigan,,2950,1423,1527,2917,1423,1494
205,30,2018,‹•l‹}s“d“S,Keikyu Corporation,–{ü,Main Line,•½˜a“‡,Heiwajima,,8824,5452,3372,8766,5452,3314
206,30,2018,‹•l‹}s“d“S,Keikyu Corporation,–{ü,Main Line,‘åX’¬,Omorimachi,,4038,2508,1530,4023,2508,1515
207,30,2018,‹•l‹}s“d“S,Keikyu Corporation,–{ü,Main Line,”~‰®•~,Umeyashiki,,2984,1569,1415,2972,1569,1403
208,30,2018,‹•l‹}s“d“S,Keikyu Corporation,–{ü,Main Line,‹‹}Š—“c,Keikyu Kamata,,11749,5688,6061,11555,5688,5867
209,30,2018,‹•l‹}s“d“S,Keikyu Corporation,–{ü,Main Line,GF,Zoshiki,,5803,3504,2299,5758,3504,2254
210,30,2018,‹•l‹}s“d“S,Keikyu Corporation,–{ü,Main Line,˜Z‹½“yè,Rokugodote,,3011,1695,1316,2954,1695,1259
211,30,2018,‹•l‹}s“d“S,Keikyu Corporation,‹ó`ü,Airport Line,,,¦,39708,14403,25305,40466,14403,26063
212,30,2018,‹•l‹}s“d“S,Keikyu Corporation,‹ó`ü,Airport Line,âï’J,Kojiya,,5055,3031,2024,5077,3031,2046
213,30,2018,‹•l‹}s“d“S,Keikyu Corporation,‹ó`ü,Airport Line,‘å’¹‹,Otorii,,5466,3060,2406,5525,3060,2465
214,30,2018,‹•l‹}s“d“S,Keikyu Corporation,‹ó`ü,Airport Line,ŒŠçˆî‰×,Anamori-Inari,,3353,1979,1374,3482,1979,1503
215,30,2018,‹•l‹}s“d“S,Keikyu Corporation,‹ó`ü,Airport Line,“V‹ó‹´,Tenkubashi,,3788,2532,1256,3914,2532,1382
216,30,2018,‹•l‹}s“d“S,Keikyu Corporation,‹ó`ü,Airport Line,‰H“c‹ó`‘Ûüƒ^[ƒ~ƒiƒ‹,Haneda Airport International Terminal,,5098,1105,3993,5243,1105,4138
217,30,2018,‹•l‹}s“d“S,Keikyu Corporation,‹ó`ü,Airport Line,‰H“c‹ó`‘“àüƒ^[ƒ~ƒiƒ‹,Haneda Airport Domestic Terminal,,16948,2696,14252,17225,2696,14529
218,30,2018,‹‰¤“d“S,Keio Corporation,,,,,,644963,381727,263236,644772,381727,263045
219,30,2018,‹‰¤“d“S,Keio Corporation,‹‰¤ü,Keio Line,,,,468935,280597,188338,468648,280597,188051
220,30,2018,‹‰¤“d“S,Keio Corporation,‹‰¤ü,Keio Line,Vh,Shinjuku,¦,144002,92806,51196,144462,92806,51656
221,30,2018,‹‰¤“d“S,Keio Corporation,‹‰¤ü,Keio Line,‰‘ä,Hatsudai,¦,12034,6210,5824,11889,6210,5679
222,30,2018,‹‰¤“d“S,Keio Corporation,‹‰¤ü,Keio Line,”¦ƒP’J,Hatagaya,¦,6029,2845,3184,5876,2845,3031
223,30,2018,‹‰¤“d“S,Keio Corporation,‹‰¤ü,Keio Line,ù’Ë,Sasazuka,¦,15011,9351,5660,14946,9351,5595
224,30,2018,‹‰¤“d“S,Keio Corporation,‹‰¤ü,Keio Line,‘ã“c‹´,Daitabashi,¦,3725,2108,1617,3626,2108,1518
225,30,2018,‹‰¤“d“S,Keio Corporation,‹‰¤ü,Keio Line,–¾‘å‘O,Meidaimae,¦,11413,7205,4208,11387,7205,4182
226,30,2018,‹‰¤“d“S,Keio Corporation,‹‰¤ü,Keio Line,‰º‚ˆäŒË,Shimo-Takaido,¦,8225,4492,3733,8187,4492,3695
227,30,2018,‹‰¤“d“S,Keio Corporation,‹‰¤ü,Keio Line,÷ã…,Sakurajosui,¦,7046,4527,2519,6987,4527,2460
228,30,2018,‹‰¤“d“S,Keio Corporation,‹‰¤ü,Keio Line,ã–k‘ò,Kami-Kitazawa,¦,2942,1630,1312,2914,1630,1284
229,30,2018,‹‰¤“d“S,Keio Corporation,‹‰¤ü,Keio Line,”ª”¦R,Hachiman-Yama,¦,7998,5218,2780,7902,5218,2684
230,30,2018,‹‰¤“d“S,Keio Corporation,‹‰¤ü,Keio Line,ˆ°‰ÔŒö‰€,Roka-Koen,¦,2747,1355,1392,2697,1355,1342
231,30,2018,‹‰¤“d“S,Keio Corporation,‹‰¤ü,Keio Line,çÎ‰GR,Chitose-Karasuyama,¦,15176,8787,6389,15117,8787,6330
232,30,2018,‹‰¤“d“S,Keio Corporation,‹‰¤ü,Keio Line,åì,Sengawa,,14889,9784,5105,14964,9784,5180
233,30,2018,‹‰¤“d“S,Keio Corporation,‹‰¤ü,Keio Line,‚Â‚Â‚¶ƒP‹u,Tsutsujigaoka,,8345,4883,3462,8228,4883,3345
234,30,2018,‹‰¤“d“S,Keio Corporation,‹‰¤ü,Keio Line,Äè,Shibasaki,,3302,1901,1401,3257,1901,1356
235,30,2018,‹‰¤“d“S,Keio Corporation,‹‰¤ü,Keio Line,‘—Ì,Kokuryo,,7090,4629,2461,7075,4629,2446
236,30,2018,‹‰¤“d“S,Keio Corporation,‹‰¤ü,Keio Line,•z“c,Fuda,,3076,2277,799,2990,2277,713
237,30,2018,‹‰¤“d“S,Keio Corporation,‹‰¤ü,Keio Line,’²•z,Chofu,,23550,12304,11246,23546,12304,11242
238,30,2018,‹‰¤“d“S,Keio Corporation,‹‰¤ü,Keio Line,¼’²•z,Nishi-Chofu,,3230,1931,1299,3176,1931,1245
239,30,2018,‹‰¤“d“S,Keio Corporation,‹‰¤ü,Keio Line,”ò“c‹‹,Tobitakyu,,5414,2331,3083,5463,2331,3132
240,30,2018,‹‰¤“d“S,Keio Corporation,‹‰¤ü,Keio Line,•‘ –ì‘ä,Musashinodai,,4726,3123,1603,4721,3123,1598
241,30,2018,‹‰¤“d“S,Keio Corporation,‹‰¤ü,Keio Line,‘½–—ì‰€,Tama-Reien,,2405,1165,1240,2339,1165,1174
242,30,2018,‹‰¤“d“S,Keio Corporation,‹‰¤ü,Keio Line,“Œ•{’†,Higashi-Fuchu,,3981,1864,2117,3920,1864,2056
243,30,2018,‹‰¤“d“S,Keio Corporation,‹‰¤ü,Keio Line,•{’†‹£”n³–å‘O,Fuchukeiba-Seimommae,,584,39,545,593,39,554
244,30,2018,‹‰¤“d“S,Keio Corporation,‹‰¤ü,Keio Line,•{’†,Fuchu,,16358,8318,8040,16376,8318,8058
245,30,2018,‹‰¤“d“S,Keio Corporation,‹‰¤ü,Keio Line,•ª”{‰ÍŒ´,Bubaigawara,,17254,11109,6145,17381,11109,6272
246,30,2018,‹‰¤“d“S,Keio Corporation,‹‰¤ü,Keio Line,’†‰ÍŒ´,Nakagawara,,4715,2713,2002,4732,2713,2019
247,30,2018,‹‰¤“d“S,Keio Corporation,‹‰¤ü,Keio Line,¹Ö÷ƒP‹u,Seiseki-Sakuragaoka,,11770,6700,5070,11817,6700,5117
248,30,2018,‹‰¤“d“S,Keio Corporation,‹‰¤ü,Keio Line,•S‘‰€,Mogusaen,,1419,718,701,1371,718,653
249,30,2018,‹‰¤“d“S,Keio Corporation,‹‰¤ü,Keio Line,‚”¦•s“®,Takahatafudo,,10886,6946,3940,10907,6946,3961
250,30,2018,‹‰¤“d“S,Keio Corporation,‹‰¤ü,Keio Line,‘½–€“®•¨Œö‰€,Tama-Dobutsukoen,,1203,735,468,1173,735,438
251,30,2018,‹‰¤“d“S,Keio Corporation,‹‰¤ü,Keio Line,“ì•½,Minamidaira,,1963,1209,754,1945,1209,736
252,30,2018,‹‰¤“d“S,Keio Corporation,‹‰¤ü,Keio Line,•½Réš¬Œö‰€,Hirayamajoshi-Koen,,1560,848,712,1541,848,693
253,30,2018,‹‰¤“d“S,Keio Corporation,‹‰¤ü,Keio Line,’·À,Naganuma,,757,379,378,729,379,350
254,30,2018,‹‰¤“d“S,Keio Corporation,‹‰¤ü,Keio Line,–k–ì,Kitano,,4186,2125,2061,4186,2125,2061
255,30,2018,‹‰¤“d“S,Keio Corporation,‹‰¤ü,Keio Line,‹‰¤”ª‰¤q,Keio-Hachioji,,10768,6037,4731,10777,6037,4740
256,30,2018,‹‰¤“d“S,Keio Corporation,‹‰¤ü,Keio Line,‹‰¤•Ğ‘q,Keio-Katakura,,911,493,418,926,493,433
257,30,2018,‹‰¤“d“S,Keio Corporation,‹‰¤ü,Keio Line,R“c,Yamada,,957,503,454,942,503,439
258,30,2018,‹‰¤“d“S,Keio Corporation,‹‰¤ü,Keio Line,‚ß‚¶‚ë‘ä,Mejirodai,,3143,1930,1213,3123,1930,1193
259,30,2018,‹‰¤“d“S,Keio Corporation,‹‰¤ü,Keio Line,‹·ŠÔ,Hazama,,1420,702,718,1468,702,766
260,30,2018,‹‰¤“d“S,Keio Corporation,‹‰¤ü,Keio Line,‚”ö,Takao,,4945,2661,2284,5043,2661,2382
261,30,2018,‹‰¤“d“S,Keio Corporation,‹‰¤ü,Keio Line,‚”öRŒû,Takaosanguchi,,2084,302,1782,2051,302,1749
262,30,2018,‹‰¤“d“S,Keio Corporation,‹‰¤ü,Keio Line,‹‰¤‘½–€ì,Keio-Tamagawa,,3242,1932,1310,3166,1932,1234
263,30,2018,‹‰¤“d“S,Keio Corporation,‹‰¤ü,Keio Line,‹‰¤‚æ‚İ‚¤‚èƒ‰ƒ“ƒh,Keio-Yomiuri-Land,,2597,1171,1426,2566,1171,1395
264,30,2018,‹‰¤“d“S,Keio Corporation,‹‰¤ü,Keio Line,ˆîé,Inagi,,3902,2493,1409,3911,2493,1418
265,30,2018,‹‰¤“d“S,Keio Corporation,‹‰¤ü,Keio Line,‹‰¤‰iR,Keio-Nagayama,,8434,4816,3618,8507,4816,3691
266,30,2018,‹‰¤“d“S,Keio Corporation,‹‰¤ü,Keio Line,‹‰¤‘½–€ƒZƒ“ƒ^[,Keio-Tama-Center,,16251,9954,6297,16402,9954,6448
267,30,2018,‹‰¤“d“S,Keio Corporation,‹‰¤ü,Keio Line,‹‰¤–x”V“à,Keio-Horinouchi,,5920,3581,2339,5981,3581,2400
268,30,2018,‹‰¤“d“S,Keio Corporation,‹‰¤ü,Keio Line,“ì‘å‘ò,Minami-Osawa,,11622,6935,4687,11649,6935,4714
269,30,2018,‹‰¤“d“S,Keio Corporation,‹‰¤ü,Keio Line,‘½–€‹«,Tamasakai,,3728,2522,1206,3716,2522,1194
270,30,2018,‹‰¤“d“S,Keio Corporation,ˆä‚Ì“ªü,Inokashira Line,,,,176028,101130,74898,176124,101130,74994
271,30,2018,‹‰¤“d“S,Keio Corporation,ˆä‚Ì“ªü,Inokashira Line,a’J,Shibuya,¦,65863,39820,26043,65336,39820,25516
272,30,2018,‹‰¤“d“S,Keio Corporation,ˆä‚Ì“ªü,Inokashira Line,_ò,Shinsen,¦,1886,688,1198,2144,688,1456
273,30,2018,‹‰¤“d“S,Keio Corporation,ˆä‚Ì“ªü,Inokashira Line,‹îê“Œ‘å‘O,Komaba-Todaimae,¦,7129,4506,2623,7017,4506,2511
274,30,2018,‹‰¤“d“S,Keio Corporation,ˆä‚Ì“ªü,Inokashira Line,’rƒmã,Ikenoue,¦,1821,755,1066,1763,755,1008
275,30,2018,‹‰¤“d“S,Keio Corporation,ˆä‚Ì“ªü,Inokashira Line,‰º–k‘ò,Shimo-Kitazawa,¦,20439,10279,10160,20948,10279,10669
276,30,2018,‹‰¤“d“S,Keio Corporation,ˆä‚Ì“ªü,Inokashira Line,V‘ã“c,Shindaita,¦,1824,778,1046,1736,778,958
277,30,2018,‹‰¤“d“S,Keio Corporation,ˆä‚Ì“ªü,Inokashira Line,“Œ¼Œ´,Higashi-Matsubara,¦,3422,2062,1360,3335,2062,1273
278,30,2018,‹‰¤“d“S,Keio Corporation,ˆä‚Ì“ªü,Inokashira Line,–¾‘å‘O,Meidaimae,¦,8523,4872,3651,8581,4872,3709
279,30,2018,‹‰¤“d“S,Keio Corporation,ˆä‚Ì“ªü,Inokashira Line,‰i•Ÿ’¬,Eifukucho,¦,6083,3386,2697,6130,3386,2744
280,30,2018,‹‰¤“d“S,Keio Corporation,ˆä‚Ì“ªü,Inokashira Line,¼‰i•Ÿ,Nishi-Eifuku,¦,3457,1848,1609,3344,1848,1496
281,30,2018,‹‰¤“d“S,Keio Corporation,ˆä‚Ì“ªü,Inokashira Line,•l“cR,Hamadayama,¦,5543,3133,2410,5566,3133,2433
282,30,2018,‹‰¤“d“S,Keio Corporation,ˆä‚Ì“ªü,Inokashira Line,‚ˆäŒË,Takaido,¦,8068,5321,2747,7987,5321,2666
283,30,2018,‹‰¤“d“S,Keio Corporation,ˆä‚Ì“ªü,Inokashira Line,•xmŒ©ƒ–‹u,Fujimigaoka,¦,2538,1330,1208,2512,1330,1182
284,30,2018,‹‰¤“d“S,Keio Corporation,ˆä‚Ì“ªü,Inokashira Line,‹v‰äR,Kugayama,¦,7412,4398,3014,7330,4398,2932
285,30,2018,‹‰¤“d“S,Keio Corporation,ˆä‚Ì“ªü,Inokashira Line,O‘é‘ä,Mitakadai,,4171,2651,1520,4055,2651,1404
286,30,2018,‹‰¤“d“S,Keio Corporation,ˆä‚Ì“ªü,Inokashira Line,ˆä‚Ì“ªŒö‰€,Inokashira-Koen,,1261,623,638,1248,623,625
287,30,2018,‹‰¤“d“S,Keio Corporation,ˆä‚Ì“ªü,Inokashira Line,‹gË›,Kichijoji,,26588,14680,11908,27092,14680,12412
288,30,2018,‹¬“d“S,Keisei Electric Railway,,,,,,151740,91561,60179,151333,91561,59772
289,30,2018,‹¬“d“S,Keisei Electric Railway,–{ü,Main Line,,,¦,83852,46618,37234,83474,46618,36856
290,30,2018,‹¬“d“S,Keisei Electric Railway,–{ü,Main Line,‹¬ã–ì,Keisei-Ueno,,10173,4072,6101,8376,4072,4304
291,30,2018,‹¬“d“S,Keisei Electric Railway,–{ü,Main Line,“ú•é—¢,Nippori,,18619,10459,8160,19753,10459,9294
292,30,2018,‹¬“d“S,Keisei Electric Railway,–{ü,Main Line,VO‰Í“‡,Shim-Mikawashima,,1100,532,568,1102,532,570
293,30,2018,‹¬“d“S,Keisei Electric Railway,–{ü,Main Line,’¬‰®,Machiya,,3731,2017,1714,3921,2017,1904
294,30,2018,‹¬“d“S,Keisei Electric Railway,–{ü,Main Line,çZ‘å‹´,Senjuohashi,,2910,1728,1182,2888,1728,1160
295,30,2018,‹¬“d“S,Keisei Electric Railway,–{ü,Main Line,‹¬ŠÖ‰®,Keisei-Sekiya,,4656,2833,1823,4682,2833,1849
296,30,2018,‹¬“d“S,Keisei Electric Railway,–{ü,Main Line,–xØÒŠ—‰€,Horikirishobuen,,4142,2371,1771,4123,2371,1752
297,30,2018,‹¬“d“S,Keisei Electric Railway,–{ü,Main Line,‚¨‰Ô’ƒ‰®,Ohanajaya,,6173,3930,2243,6159,3930,2229
298,30,2018,‹¬“d“S,Keisei Electric Railway,–{ü,Main Line,Â“u,Aoto,,5313,2848,2465,5377,2848,2529
299,30,2018,‹¬“d“S,Keisei Electric Railway,–{ü,Main Line,‹¬‚»,Keisei-Takasago,,22469,13043,9426,22585,13043,9542
300,30,2018,‹¬“d“S,Keisei Electric Railway,–{ü,Main Line,‹¬¬Šâ,Keisei-Koiwa,,3429,2085,1344,3388,2085,1303
301,30,2018,‹¬“d“S,Keisei Electric Railway,–{ü,Main Line,]ŒËì,Edogawa,,1137,700,437,1120,700,420
302,30,2018,‹¬“d“S,Keisei Electric Railway,‰Ÿãü,Oshiage Line,,,¦,60841,40926,19915,60865,40926,19939
303,30,2018,‹¬“d“S,Keisei Electric Railway,‰Ÿãü,Oshiage Line,‰Ÿã,Oshiage,,40587,28014,12573,41005,28014,12991
304,30,2018,‹¬“d“S,Keisei Electric Railway,‰Ÿãü,Oshiage Line,‹¬‰gM,Keisei-Hikifune,,3579,2078,1501,3480,2078,1402
305,30,2018,‹¬“d“S,Keisei Electric Railway,‰Ÿãü,Oshiage Line,”ªL,Yahiro,,2293,1462,831,2248,1462,786
306,30,2018,‹¬“d“S,Keisei Electric Railway,‰Ÿãü,Oshiage Line,lƒc–Ø,Yotsugi,,3058,1860,1198,2985,1860,1125
307,30,2018,‹¬“d“S,Keisei Electric Railway,‰Ÿãü,Oshiage Line,‹¬—§Î,Keisei-Tateishi,,7242,5062,2180,7167,5062,2105
308,30,2018,‹¬“d“S,Keisei Electric Railway,‰Ÿãü,Oshiage Line,Â“u,Aoto,,4082,2450,1632,3980,2450,1530
309,30,2018,‹¬“d“S,Keisei Electric Railway,‹à’¬ü,Kanamachi Line,,,¦,7047,4017,3030,6994,4017,2977
310,30,2018,‹¬“d“S,Keisei Electric Railway,‹à’¬ü,Kanamachi Line,‹¬‚»,Keisei-Takasago,,547,217,330,565,217,348
311,30,2018,‹¬“d“S,Keisei Electric Railway,‹à’¬ü,Kanamachi Line,Ä–”,Shibamata,,1797,806,991,1758,806,952
312,30,2018,‹¬“d“S,Keisei Electric Railway,‹à’¬ü,Kanamachi Line,‹¬‹à’¬,Keisei-Kanamachi,,4703,2994,1709,4671,2994,1677
313,30,2018,“Œ•“S“¹,Tobu Railway ,,,,,,334562,214666,119896,334319,214666,119653
314,30,2018,“Œ•“S“¹,Tobu Railway ,“Œ•½¶²ÂØ°×²İ,Tobu Skytree Line,,,¦,170126,109598,60528,170263,109598,60665
315,30,2018,“Œ•“S“¹,Tobu Railway ,“Œ•½¶²ÂØ°×²İ,Tobu Skytree Line,ó‘,Asakusa,,9011,3639,5372,8418,3639,4779
316,30,2018,“Œ•“S“¹,Tobu Railway ,“Œ•½¶²ÂØ°×²İ,Tobu Skytree Line,‚Æ‚¤‚«‚å‚¤½¶²ÂØ°,Tokyo Skytree,,22791,15264,7527,22595,15264,7331
317,30,2018,“Œ•“S“¹,Tobu Railway ,“Œ•½¶²ÂØ°×²İ,Tobu Skytree Line,‰gM,Hikifune,,4226,2353,1873,4346,2353,1993
318,30,2018,“Œ•“S“¹,Tobu Railway ,“Œ•½¶²ÂØ°×²İ,Tobu Skytree Line,“ŒŒü“‡,Higashi-Mukojima,,3539,2168,1371,3600,2168,1432
319,30,2018,“Œ•“S“¹,Tobu Railway ,“Œ•½¶²ÂØ°×²İ,Tobu Skytree Line,àƒ–•£,Kanegafuchi,,2371,1340,1031,2336,1340,996
320,30,2018,“Œ•“S“¹,Tobu Railway ,“Œ•½¶²ÂØ°×²İ,Tobu Skytree Line,–xØ,Horikiri,,819,574,245,811,574,237
321,30,2018,“Œ•“S“¹,Tobu Railway ,“Œ•½¶²ÂØ°×²İ,Tobu Skytree Line,‹“c,Ushida,,4178,2483,1695,4174,2483,1691
322,30,2018,“Œ•“S“¹,Tobu Railway ,“Œ•½¶²ÂØ°×²İ,Tobu Skytree Line,–kçZ,Kita-Senju,,83242,56355,26887,84335,56355,27980
323,30,2018,“Œ•“S“¹,Tobu Railway ,“Œ•½¶²ÂØ°×²İ,Tobu Skytree Line,¬›,Kosuge,,1113,604,509,1078,604,474
324,30,2018,“Œ•“S“¹,Tobu Railway ,“Œ•½¶²ÂØ°×²İ,Tobu Skytree Line,ŒÜ”½–ì,Gotanno,,6739,4515,2224,6686,4515,2171
325,30,2018,“Œ•“S“¹,Tobu Railway ,“Œ•½¶²ÂØ°×²İ,Tobu Skytree Line,”~“‡,Umejima,,6492,4341,2151,6409,4341,2068
326,30,2018,“Œ•“S“¹,Tobu Railway ,“Œ•½¶²ÂØ°×²İ,Tobu Skytree Line,¼Vˆä,Nishiarai,,12187,7311,4876,12055,7311,4744
327,30,2018,“Œ•“S“¹,Tobu Railway ,“Œ•½¶²ÂØ°×²İ,Tobu Skytree Line,’|ƒm’Ë,Takenotsuka,,13418,8651,4767,13420,8651,4769
328,30,2018,“Œ•“S“¹,Tobu Railway ,‘åtü,Daishi Line,,,¦,2708,1679,1029,2710,1679,1031
329,30,2018,“Œ•“S“¹,Tobu Railway ,‘åtü,Daishi Line,¼Vˆä,Nishiarai,,130,9,121,137,9,128
330,30,2018,“Œ•“S“¹,Tobu Railway ,‘åtü,Daishi Line,‘åt‘O,Daishimae,,2578,1670,908,2573,1670,903
331,30,2018,“Œ•“S“¹,Tobu Railway ,‹TŒËü,Kameido Line,,,¦,10261,6289,3972,10216,6289,3927
332,30,2018,“Œ•“S“¹,Tobu Railway ,‹TŒËü,Kameido Line,‰gM,Hikifune,,925,437,488,950,437,513
333,30,2018,“Œ•“S“¹,Tobu Railway ,‹TŒËü,Kameido Line,¬‘ºˆä,Omurai,,2125,1455,670,2093,1455,638
334,30,2018,“Œ•“S“¹,Tobu Railway ,‹TŒËü,Kameido Line,“Œ‚ ‚¸‚Ü,Higashi-Azuma,,1509,867,642,1447,867,580
335,30,2018,“Œ•“S“¹,Tobu Railway ,‹TŒËü,Kameido Line,‹TŒË…_,Kameidosuijin,,783,414,369,767,414,353
336,30,2018,“Œ•“S“¹,Tobu Railway ,‹TŒËü,Kameido Line,‹TŒË,Kameido,,4919,3116,1803,4959,3116,1843
337,30,2018,“Œ•“S“¹,Tobu Railway ,“Œãü,Tojo Line,,,¦,151467,97100,54367,151130,97100,54030
338,30,2018,“Œ•“S“¹,Tobu Railway ,“Œãü,Tojo Line,’r‘Ü,Ikebukuro,,88155,59557,28598,88067,59557,28510
339,30,2018,“Œ•“S“¹,Tobu Railway ,“Œãü,Tojo Line,–k’r‘Ü,Kita-Ikebukuro,,1900,975,925,1788,975,813
340,30,2018,“Œ•“S“¹,Tobu Railway ,“Œãü,Tojo Line,‰º”Â‹´,Shimo-Itabashi,,3018,1717,1301,2938,1717,1221
341,30,2018,“Œ•“S“¹,Tobu Railway ,“Œãü,Tojo Line,‘åR,Oyama,,9584,5356,4228,9545,5356,4189
342,30,2018,“Œ•“S“¹,Tobu Railway ,“Œãü,Tojo Line,’†”Â‹´,Naka-Itabashi,,5387,3326,2061,5248,3326,1922
343,30,2018,“Œ•“S“¹,Tobu Railway ,“Œãü,Tojo Line,‚Æ‚«‚í‘ä,Tokiwadai,,8879,5594,3285,8878,5594,3284
344,30,2018,“Œ•“S“¹,Tobu Railway ,“Œãü,Tojo Line,ã”Â‹´,Kami-Itabashi,,9560,6014,3546,9512,6014,3498
345,30,2018,“Œ•“S“¹,Tobu Railway ,“Œãü,Tojo Line,“Œ•—û”n,Tobu-Nerima,,11156,6934,4222,11181,6934,4247
346,30,2018,“Œ•“S“¹,Tobu Railway ,“Œãü,Tojo Line,‰ºÔ’Ë,Shimo-Akatsuka,,2966,1422,1544,3030,1422,1608
347,30,2018,“Œ•“S“¹,Tobu Railway ,“Œãü,Tojo Line,¬‘,Narimasu,,10862,6205,4657,10943,6205,4738
348,30,2018,–k‘“S“¹,Hokuso Railway,,,,,,12745,9265,3480,12933,9265,3668
349,30,2018,–k‘“S“¹,Hokuso Railway,–k‘ü,Hokuso Line,,,¦,12745,9265,3480,12933,9265,3668
350,30,2018,–k‘“S“¹,Hokuso Railway,–k‘ü,Hokuso Line,‹¬‚»,Keisei-Takasago,,11875,8738,3137,12091,8738,3354
351,30,2018,–k‘“S“¹,Hokuso Railway,–k‘ü,Hokuso Line,VÄ–”,Shin-Shibamata,,870,527,343,842,527,315
352,30,2018,‚”ö“oR“d“S,Takao Tozan Railway,,,,,,2066,26,2040,2066,26,2040
353,30,2018,‚”ö“oR“d“S,Takao Tozan Railway,,,´‘ê,Kiyotaki,,616,13,603,709,13,696
354,30,2018,‚”ö“oR“d“S,Takao Tozan Railway,,,‚”öR,Takaosan,,709,13,696,616,13,603
355,30,2018,‚”ö“oR“d“S,Takao Tozan Railway,,,R˜[iƒŠƒtƒgj,Sanroku (Chair Lift),,323,0,323,418,0,418
356,30,2018,‚”ö“oR“d“S,Takao Tozan Railway,,,RãiƒŠƒtƒgj,Sanjo (Chair Lift),,418,0,418,323,0,323
357,30,2018,“Œ‹ƒ‚ƒmƒŒ[ƒ‹,Tokyo Monorail,,,,,¦,51162,21455,29708,51164,21455,29709
358,30,2018,“Œ‹ƒ‚ƒmƒŒ[ƒ‹,Tokyo Monorail,,,ƒ‚ƒmƒŒ[ƒ‹•l¼’¬,Monorail Hamamatsucho,,21233,8576,12657,21769,8576,13193
359,30,2018,“Œ‹ƒ‚ƒmƒŒ[ƒ‹,Tokyo Monorail,,,“V‰¤FƒAƒCƒ‹,Tennozu Isle,,6193,3714,2479,6052,3714,2338
360,30,2018,“Œ‹ƒ‚ƒmƒŒ[ƒ‹,Tokyo Monorail,,,‘åˆä‹£”nê‘O,Oi Keibajo Mae,,2008,1160,848,2035,1160,875
361,30,2018,“Œ‹ƒ‚ƒmƒŒ[ƒ‹,Tokyo Monorail,,,—¬’ÊƒZƒ“ƒ^[,Ryutsu Center,,3655,2370,1285,3727,2370,1357
362,30,2018,“Œ‹ƒ‚ƒmƒŒ[ƒ‹,Tokyo Monorail,,,º˜a“‡,Showajima,,1174,901,274,1194,901,293
363,30,2018,“Œ‹ƒ‚ƒmƒŒ[ƒ‹,Tokyo Monorail,,,®”õê,Seibijo,,446,283,163,503,283,220
364,30,2018,“Œ‹ƒ‚ƒmƒŒ[ƒ‹,Tokyo Monorail,,,“V‹ó‹´,Tenkubashi ,,2526,1768,758,1971,1768,203
365,30,2018,“Œ‹ƒ‚ƒmƒŒ[ƒ‹,Tokyo Monorail,,,‰H“c‹ó`‘ÛüËŞÙ,Haneda Airport International Terminal,,2027,252,1775,1872,252,1620
366,30,2018,“Œ‹ƒ‚ƒmƒŒ[ƒ‹,Tokyo Monorail,,,V®”õê,Shin Seibijo,,775,361,414,1017,361,656
367,30,2018,“Œ‹ƒ‚ƒmƒŒ[ƒ‹,Tokyo Monorail,,,‰H“c‹ó`‘æ‚Pƒrƒ‹,Haneda Airport Terminal1,,5354,829,4525,5424,829,4595
368,30,2018,“Œ‹ƒ‚ƒmƒŒ[ƒ‹,Tokyo Monorail,,,‰H“c‹ó`‘æ‚Qƒrƒ‹,Haneda Airport Terminal2,,5771,1241,4530,5600,1241,4359
369,30,2018,ŒäŠx“oR“S“¹,Mitake Tozan Railway,,,,,,507,14,493,507,14,493
370,30,2018,ŒäŠx“oR“S“¹,Mitake Tozan Railway,,,‘ê–{,Takimoto,,257,7,250,250,7,243
371,30,2018,ŒäŠx“oR“S“¹,Mitake Tozan Railway,,,ŒäŠxR,Mitakesan,,250,7,243,257,7,250
372,30,2018,‚ä‚è‚©‚à‚ß,Yurikamome Inc. ,,,,,,42069,9254,32815,42069,9254,32815
373,30,2018,‚ä‚è‚©‚à‚ß,Yurikamome Inc. ,“Œ‹—ÕŠCVŒğ’Ê—ÕŠCü,Tokyo Waterfront New Transit Rinkai Line,,,¦,42069,9254,32815,42069,9254,32815
374,30,2018,‚ä‚è‚©‚à‚ß,Yurikamome Inc. ,“Œ‹—ÕŠCVŒğ’Ê—ÕŠCü,Tokyo Waterfront New Transit Rinkai Line,V‹´,Shimbashi,,12437,2846,9591,12371,2754,9617
375,30,2018,‚ä‚è‚©‚à‚ß,Yurikamome Inc. ,“Œ‹—ÕŠCVŒğ’Ê—ÕŠCü,Tokyo Waterfront New Transit Rinkai Line,¬—¯,Shiodome,,1651,301,1350,1814,329,1485
376,30,2018,‚ä‚è‚©‚à‚ß,Yurikamome Inc. ,“Œ‹—ÕŠCVŒğ’Ê—ÕŠCü,Tokyo Waterfront New Transit Rinkai Line,’|Å,Takeshiba,,869,180,689,921,190,731
377,30,2018,‚ä‚è‚©‚à‚ß,Yurikamome Inc. ,“Œ‹—ÕŠCVŒğ’Ê—ÕŠCü,Tokyo Waterfront New Transit Rinkai Line,“ú‚Ìo,Hinode,,443,80,363,438,81,357
378,30,2018,‚ä‚è‚©‚à‚ß,Yurikamome Inc. ,“Œ‹—ÕŠCVŒğ’Ê—ÕŠCü,Tokyo Waterfront New Transit Rinkai Line,Å‰Y‚Ó“ª,Shibaura-Futo,,925,415,509,978,424,554
379,30,2018,‚ä‚è‚©‚à‚ß,Yurikamome Inc. ,“Œ‹—ÕŠCVŒğ’Ê—ÕŠCü,Tokyo Waterfront New Transit Rinkai Line,‚¨‘äêŠC•lŒö‰€,Odaiba-Kaihinkoen,,3106,1003,2103,3134,1007,2127
380,30,2018,‚ä‚è‚©‚à‚ß,Yurikamome Inc. ,“Œ‹—ÕŠCVŒğ’Ê—ÕŠCü,Tokyo Waterfront New Transit Rinkai Line,‘äê,Daiba,,4482,514,3968,4495,543,3952
381,30,2018,‚ä‚è‚©‚à‚ß,Yurikamome Inc. ,“Œ‹—ÕŠCVŒğ’Ê—ÕŠCü,Tokyo Waterfront New Transit Rinkai Line,‘D‚Ì‰ÈŠwŠÙ,Fune-No-Kagakukan,,611,188,423,680,191,490
382,30,2018,‚ä‚è‚©‚à‚ß,Yurikamome Inc. ,“Œ‹—ÕŠCVŒğ’Ê—ÕŠCü,Tokyo Waterfront New Transit Rinkai Line,ƒeƒŒƒRƒ€ƒZƒ“ƒ^[,Telecom Center,,2379,861,1518,2525,879,1646
383,30,2018,‚ä‚è‚©‚à‚ß,Yurikamome Inc. ,“Œ‹—ÕŠCVŒğ’Ê—ÕŠCü,Tokyo Waterfront New Transit Rinkai Line,ÂŠC,Aomi,,1642,88,1554,1630,90,1540
384,30,2018,‚ä‚è‚©‚à‚ß,Yurikamome Inc. ,“Œ‹—ÕŠCVŒğ’Ê—ÕŠCü,Tokyo Waterfront New Transit Rinkai Line,‘Û“W¦ê³–å,Kokusai-Tenjijo-Seimon,,3699,476,3223,3763,509,3254
385,30,2018,‚ä‚è‚©‚à‚ß,Yurikamome Inc. ,“Œ‹—ÕŠCVŒğ’Ê—ÕŠCü,Tokyo Waterfront New Transit Rinkai Line,—L–¾,Ariake,,1114,217,897,987,212,775
386,30,2018,‚ä‚è‚©‚à‚ß,Yurikamome Inc. ,“Œ‹—ÕŠCVŒğ’Ê—ÕŠCü,Tokyo Waterfront New Transit Rinkai Line,—L–¾ƒeƒjƒX‚ÌX,Ariake Tennis-No-Mori,,750,322,428,764,315,449
387,30,2018,‚ä‚è‚©‚à‚ß,Yurikamome Inc. ,“Œ‹—ÕŠCVŒğ’Ê—ÕŠCü,Tokyo Waterfront New Transit Rinkai Line,sê‘O,Shijo-Mae,,1473,282,1191,1394,291,1103
388,30,2018,‚ä‚è‚©‚à‚ß,Yurikamome Inc. ,“Œ‹—ÕŠCVŒğ’Ê—ÕŠCü,Tokyo Waterfront New Transit Rinkai Line,V–LF,Shin-Toyosu,,1195,204,991,1214,195,1018
389,30,2018,‚ä‚è‚©‚à‚ß,Yurikamome Inc. ,“Œ‹—ÕŠCVŒğ’Ê—ÕŠCü,Tokyo Waterfront New Transit Rinkai Line,–LF,Toyosu,,5292,1276,4017,4960,1245,3715
390,30,2018,“Œ‹—ÕŠC‚‘¬“S“¹,"Tokyo Waterfront Area Rapid Transit,Inc.",,,,,,95918,51140,44779,95918,51140,44779
391,30,2018,“Œ‹—ÕŠC‚‘¬“S“¹,"Tokyo Waterfront Area Rapid Transit,Inc.",‚è‚ñ‚©‚¢ü,Rinkai Line,,,¦,95918,51140,44779,95918,51140,44779
392,30,2018,“Œ‹—ÕŠC‚‘¬“S“¹,"Tokyo Waterfront Area Rapid Transit,Inc.",‚è‚ñ‚©‚¢ü,Rinkai Line,V–Øê,Shin-Kiba ,,12464,6441,6023,12269,6441,5828
393,30,2018,“Œ‹—ÕŠC‚‘¬“S“¹,"Tokyo Waterfront Area Rapid Transit,Inc.",‚è‚ñ‚©‚¢ü,Rinkai Line,“Œ‰_,Shinonome ,,2631,1718,914,2640,1718,922
394,30,2018,“Œ‹—ÕŠC‚‘¬“S“¹,"Tokyo Waterfront Area Rapid Transit,Inc.",‚è‚ñ‚©‚¢ü,Rinkai Line,‘Û“W¦ê,Kokusai-Tenjijo  ,,12262,5289,6972,12368,5289,7079
395,30,2018,“Œ‹—ÕŠC‚‘¬“S“¹,"Tokyo Waterfront Area Rapid Transit,Inc.",‚è‚ñ‚©‚¢ü,Rinkai Line,“Œ‹ƒeƒŒƒ|[ƒg,Tokyo Teleport ,,12357,5171,7185,11796,5171,6625
396,30,2018,“Œ‹—ÕŠC‚‘¬“S“¹,"Tokyo Waterfront Area Rapid Transit,Inc.",‚è‚ñ‚©‚¢ü,Rinkai Line,“V‰¤FƒAƒCƒ‹,Tennozu Isle,,7510,4956,2554,7567,4956,2611
397,30,2018,“Œ‹—ÕŠC‚‘¬“S“¹,"Tokyo Waterfront Area Rapid Transit,Inc.",‚è‚ñ‚©‚¢ü,Rinkai Line,•iìƒV[ƒTƒCƒh,Shinagawa Seaside@,,8646,6100,2545,8496,6100,2396
398,30,2018,“Œ‹—ÕŠC‚‘¬“S“¹,"Tokyo Waterfront Area Rapid Transit,Inc.",‚è‚ñ‚©‚¢ü,Rinkai Line,‘åˆä’¬,Oimachi ,,16172,8954,7218,16173,8954,7219
399,30,2018,“Œ‹—ÕŠC‚‘¬“S“¹,"Tokyo Waterfront Area Rapid Transit,Inc.",‚è‚ñ‚©‚¢ü,Rinkai Line,‘åè,Osaki ,,23877,12510,11367,24609,12510,12099
400,30,2018,‘½–€“ssƒ‚ƒmƒŒ[ƒ‹,"Tokyo Tama Intercity Monorail Co.,Ltd",,,,,,52611,30161,22450,52611,30161,22450
401,30,2018,‘½–€“ssƒ‚ƒmƒŒ[ƒ‹,"Tokyo Tama Intercity Monorail Co.,Ltd",,,‘½–€ƒZƒ“ƒ^[,Tama Center  ,,6771,4458,2313,6772,4458,2314
402,30,2018,‘½–€“ssƒ‚ƒmƒŒ[ƒ‹,"Tokyo Tama Intercity Monorail Co.,Ltd",,,¼‚ª’J,Matsugaya    ,,467,229,238,485,229,256
403,30,2018,‘½–€“ssƒ‚ƒmƒŒ[ƒ‹,"Tokyo Tama Intercity Monorail Co.,Ltd",,,‘å’ËE’é‹‘åŠw,OtsukaETeikyo-Daigaku,,1409,676,733,1267,676,591
404,30,2018,‘½–€“ssƒ‚ƒmƒŒ[ƒ‹,"Tokyo Tama Intercity Monorail Co.,Ltd",,,’†‰›‘åŠwE–¾¯‘åŠw,Chuo-DaigakuEMeisei-Daigaku ,,6308,5086,1222,6382,5086,1296
405,30,2018,‘½–€“ssƒ‚ƒmƒŒ[ƒ‹,"Tokyo Tama Intercity Monorail Co.,Ltd",,,‘½–€“®•¨Œö‰€,Tama-Dobutsukoen  ,,445,92,353,445,92,353
406,30,2018,‘½–€“ssƒ‚ƒmƒŒ[ƒ‹,"Tokyo Tama Intercity Monorail Co.,Ltd",,,’ö‹v•Û,Hodokubo  ,,320,145,174,285,145,139
407,30,2018,‘½–€“ssƒ‚ƒmƒŒ[ƒ‹,"Tokyo Tama Intercity Monorail Co.,Ltd",,,‚”¦•s“®,Takahatafudo  ,,4998,2930,2068,5022,2930,2092
408,30,2018,‘½–€“ssƒ‚ƒmƒŒ[ƒ‹,"Tokyo Tama Intercity Monorail Co.,Ltd",,,–œŠè›,Manganji  ,,1494,735,759,1456,735,721
409,30,2018,‘½–€“ssƒ‚ƒmƒŒ[ƒ‹,"Tokyo Tama Intercity Monorail Co.,Ltd",,,bBŠX“¹,Koshukaido,,1657,959,698,1604,959,645
410,30,2018,‘½–€“ssƒ‚ƒmƒŒ[ƒ‹,"Tokyo Tama Intercity Monorail Co.,Ltd",,,Äè‘ÌˆçŠÙ,Shibasaki-Taiikukan  ,,819,361,458,756,361,395
411,30,2018,‘½–€“ssƒ‚ƒmƒŒ[ƒ‹,"Tokyo Tama Intercity Monorail Co.,Ltd",,,—§ì“ì,Tachikawa-Minami  ,,5831,3306,2525,5871,3306,2565
412,30,2018,‘½–€“ssƒ‚ƒmƒŒ[ƒ‹,"Tokyo Tama Intercity Monorail Co.,Ltd",,,—§ì–k,Tachikawa-Kita  ,,8107,3955,4152,8142,3955,4187
413,30,2018,‘½–€“ssƒ‚ƒmƒŒ[ƒ‹,"Tokyo Tama Intercity Monorail Co.,Ltd",,,‚¼,Takamatsu ,,1437,473,964,1503,473,1029
414,30,2018,‘½–€“ssƒ‚ƒmƒŒ[ƒ‹,"Tokyo Tama Intercity Monorail Co.,Ltd",,,—§”ò,Tachihi  ,,2266,522,1744,2488,522,1966
415,30,2018,‘½–€“ssƒ‚ƒmƒŒ[ƒ‹,"Tokyo Tama Intercity Monorail Co.,Ltd",,,ò‘ÌˆçŠÙ,Izumi-Taiikukan  ,,1193,686,507,1188,686,503
416,30,2018,‘½–€“ssƒ‚ƒmƒŒ[ƒ‹,"Tokyo Tama Intercity Monorail Co.,Ltd",,,»ìµ”Ô,Sunagawa-Nanaban ,,889,525,364,859,525,333
417,30,2018,‘½–€“ssƒ‚ƒmƒŒ[ƒ‹,"Tokyo Tama Intercity Monorail Co.,Ltd",,,‹Êìã…,Tamagawajosui  ,,4493,2615,1878,4475,2615,1860
418,30,2018,‘½–€“ssƒ‚ƒmƒŒ[ƒ‹,"Tokyo Tama Intercity Monorail Co.,Ltd",,,÷ŠX“¹,Sakurakaido,,1312,811,500,1246,811,435
419,30,2018,‘½–€“ssƒ‚ƒmƒŒ[ƒ‹,"Tokyo Tama Intercity Monorail Co.,Ltd",,,ã–k‘ä,Kamikitadai ,,2395,1596,799,2365,1596,769
420,30,2018,ñ“sŒ—V“ss“S“¹,Metropolitan Intercity Railway Company  ,,,,,,64733,43011,21722,66512,43011,23501
421,30,2018,ñ“sŒ—V“ss“S“¹,Metropolitan Intercity Railway Company  ,‚Â‚­‚ÎƒGƒNƒXƒvƒŒƒX,Tsukuba Express,,,¦,64733,43011,21722,66512,43011,23501
422,30,2018,ñ“sŒ—V“ss“S“¹,Metropolitan Intercity Railway Company  ,‚Â‚­‚ÎƒGƒNƒXƒvƒŒƒX,Tsukuba Express,H—tŒ´,Akihabara,,24686,17302,7384,24995,17302,7693
423,30,2018,ñ“sŒ—V“ss“S“¹,Metropolitan Intercity Railway Company  ,‚Â‚­‚ÎƒGƒNƒXƒvƒŒƒX,Tsukuba Express,VŒä“k’¬,Shin-Okachimachi,,7782,5506,2276,8362,5506,2856
424,30,2018,ñ“sŒ—V“ss“S“¹,Metropolitan Intercity Railway Company  ,‚Â‚­‚ÎƒGƒNƒXƒvƒŒƒX,Tsukuba Express,ó‘,Asakusa,,4080,1629,2451,4159,1629,2530
425,30,2018,ñ“sŒ—V“ss“S“¹,Metropolitan Intercity Railway Company  ,‚Â‚­‚ÎƒGƒNƒXƒvƒŒƒX,Tsukuba Express,“ìçZ,Minami-Senju,,2046,1134,913,2352,1134,1218
426,30,2018,ñ“sŒ—V“ss“S“¹,Metropolitan Intercity Railway Company  ,‚Â‚­‚ÎƒGƒNƒXƒvƒŒƒX,Tsukuba Express,–kçZ,Kita-Senju,,18319,11953,6366,19027,11953,7074
427,30,2018,ñ“sŒ—V“ss“S“¹,Metropolitan Intercity Railway Company  ,‚Â‚­‚ÎƒGƒNƒXƒvƒŒƒX,Tsukuba Express,Âˆä,Aoi,,2429,1673,755,2343,1673,669
428,30,2018,ñ“sŒ—V“ss“S“¹,Metropolitan Intercity Railway Company  ,‚Â‚­‚ÎƒGƒNƒXƒvƒŒƒX,Tsukuba Express,˜Z’¬,Rokucho,,5391,3813,1578,5274,3813,1460
